id,name,form,unique_name,ndex,galar_dex,ioa_dex,ct_dex,paldea_dex,tm_dex,type1_id,type2_id,hp,atk,def,spa,spd,spe,egg_group1_id,egg_group2_id,gr_id,ability1_id,ability2_id,hidden_ability_id,egg_cycles
1,Bulbasaur,,bulbasaur,1,,68,,,,5,8,45,49,49,65,65,45,7,1,7,161,,27,20
2,Ivysaur,,ivysaur,2,,69,,,,5,8,60,62,63,80,80,60,7,1,7,161,,27,20
3,Venusaur,,venusaur,3,,70,,,,5,8,80,82,83,100,100,80,7,1,7,161,,27,20
4,Charmander,,charmander,4,378,,,,,2,,39,52,43,60,50,65,14,1,7,23,,230,20
5,Charmeleon,,charmeleon,5,379,,,,,2,,58,64,58,80,65,80,14,1,7,23,,230,20
6,Charizard,,charizard,6,380,,,,,2,10,78,84,78,109,85,100,14,1,7,23,,230,20
7,Squirtle,,squirtle,7,,71,,,,3,,44,48,65,50,64,43,1,2,7,270,,192,20
8,Wartortle,,wartortle,8,,72,,,,3,,59,63,80,65,80,58,1,2,7,270,,192,20
9,Blastoise,,blastoise,9,,73,,,,3,,79,83,100,85,105,78,1,2,7,270,,192,20
10,Caterpie,,caterpie,10,13,,,,,12,,45,30,35,20,20,45,3,,5,221,,203,15
11,Metapod,,metapod,11,14,,,,,12,,50,20,55,25,25,30,3,,5,218,,,15
12,Butterfree,,butterfree,12,15,,,,,12,10,60,45,50,90,80,70,3,,5,34,,269,15
13,Weedle,,weedle,13,,,,,,12,8,40,35,30,20,20,50,3,,5,221,,203,15
14,Kakuna,,kakuna,14,,,,,,12,8,45,25,50,25,25,35,3,,5,218,,,15
15,Beedrill,,beedrill,15,,,,,,12,8,65,90,40,45,80,75,3,,5,255,,227,15
16,Pidgey,,pidgey,16,,,,,,1,10,40,45,40,35,35,56,4,,5,119,262,22,15
17,Pidgeotto,,pidgeotto,17,,,,,,1,10,63,60,55,50,50,71,4,,5,119,262,22,15
18,Pidgeot,,pidgeot,18,,,,,,1,10,83,80,75,70,70,101,4,,5,119,262,22,15
19,Rattata,,rattata,19,,,,,,1,,30,56,35,25,35,72,5,,5,203,90,100,15
20,Rattata,Alolan Rattata,rattata-alola,19,,,,,,16,1,30,56,35,25,35,72,5,,5,81,100,268,15
21,Raticate,,raticate,20,,,,,,1,,55,81,60,50,70,97,5,,5,203,90,100,15
22,Raticate,Alolan Raticate,raticate-alola,20,,,,,,16,1,75,71,70,40,80,77,5,,5,81,100,268,15
23,Spearow,,spearow,21,,,,,,1,10,40,60,30,31,31,70,4,,5,119,,227,15
24,Fearow,,fearow,22,,,,,,1,10,65,90,65,61,61,100,4,,5,119,,227,15
25,Ekans,,ekans,23,,,,,18,8,,35,60,44,40,54,55,14,5,5,114,218,282,20
26,Arbok,,arbok,24,,,,,19,8,,60,95,69,65,79,80,14,5,5,114,218,282,20
27,Pikachu,,pikachu,25,194,85,,74,21,4,,35,55,40,50,50,90,6,5,5,240,,125,10
28,Raichu,,raichu,26,195,86,,75,22,4,,60,90,55,90,80,110,6,5,5,240,,125,10
29,Raichu,Alolan Raichu,raichu-alola,26,195,86,,75,22,4,11,60,85,50,95,85,110,6,5,5,254,,,10
30,Sandshrew,,sandshrew,27,,168,,,116,9,,50,75,85,20,30,40,5,,5,208,,205,20
31,Sandshrew,Alolan Sandshrew,sandshrew-alola,27,,168,,,116,6,17,50,75,90,10,35,40,5,,5,228,,226,20
32,Sandslash,,sandslash,28,,169,,,117,9,,75,100,110,45,55,65,5,,5,208,,205,20
33,Sandslash,Alolan Sandslash,sandslash-alola,28,,169,,,117,6,17,75,100,120,25,65,65,5,,5,228,,226,20
34,Nidoran♀,,nidoran-female,29,,,65,,,8,,55,47,52,40,40,41,5,1,2,171,199,100,20
35,Nidorina,,nidorina,30,,,66,,,8,,70,62,67,55,55,56,15,,2,171,199,100,20
36,Nidoqueen,,nidoqueen,31,,,67,,,8,9,90,92,87,75,85,76,15,,2,171,199,219,20
37,Nidoran♂,,nidoran-male,32,,,68,,,8,,46,57,40,40,40,50,5,1,8,171,199,100,20
38,Nidorino,,nidorino,33,,,69,,,8,,61,72,57,55,55,65,5,1,8,171,199,100,20
39,Nidoking,,nidoking,34,,,70,,,8,9,81,102,77,85,75,85,5,1,8,171,199,219,20
40,Clefairy,,clefairy,35,255,,44,,152,18,,70,45,48,60,65,35,6,,4,42,132,75,10
41,Clefable,,clefable,36,256,,45,,153,18,,95,70,73,95,90,60,6,,4,42,132,280,10
42,Vulpix,,vulpix,37,68,,,,37,2,,38,41,40,50,65,65,5,,4,69,,56,20
43,Vulpix,Alolan Vulpix,vulpix-alola,37,68,,,,37,6,,38,41,40,50,65,65,5,,4,228,,229,20
44,Ninetales,,ninetales,38,69,,,,38,2,,73,76,75,81,100,100,5,,4,69,,56,20
45,Ninetales,Alolan Ninetales,ninetales-alola,38,69,,,,38,6,18,73,67,75,81,100,109,5,,4,228,,229,20
46,Jigglypuff,,jigglypuff,39,,12,,60,,1,18,115,45,20,45,25,20,6,,4,42,33,75,10
47,Wigglytuff,,wigglytuff,40,,13,,61,,1,18,140,70,45,85,50,45,6,,4,42,33,76,10
48,Zubat,,zubat,41,,,144,,,8,10,40,45,35,30,40,55,4,,5,112,,110,15
49,Golbat,,golbat,42,,,145,,,8,10,75,80,70,65,75,90,4,,5,112,,110,15
50,Oddish,,oddish,43,55,,,,,5,8,45,50,55,75,65,30,7,,5,27,,203,20
51,Gloom,,gloom,44,56,,,,,5,8,60,65,70,85,75,40,7,,5,27,,245,20
52,Vileplume,,vileplume,45,57,,,,,5,8,75,80,85,110,90,50,7,,5,27,,60,20
53,Paras,,paras,46,,,,,,12,5,35,70,55,45,55,25,3,7,5,60,57,43,20
54,Parasect,,parasect,47,,,,,,12,5,60,95,80,60,80,30,3,7,5,60,57,43,20
55,Venonat,,venonat,48,,,,256,,12,8,60,55,50,40,55,45,3,,5,34,269,203,20
56,Venomoth,,venomoth,49,,,,257,,12,8,70,65,60,90,75,90,3,,5,221,269,300,20
57,Diglett,,diglett,50,164,,,148,,9,,10,55,25,35,45,95,5,,5,208,9,204,20
58,Diglett,Alolan Diglett,diglett-alola,50,164,,,148,,9,17,10,55,30,35,45,90,5,,5,208,263,204,20
59,Dugtrio,,dugtrio,51,165,,,149,,9,,35,100,50,50,70,120,5,,5,208,9,204,20
60,Dugtrio,Alolan Dugtrio,dugtrio-alola,51,165,,,149,,9,17,35,100,60,50,70,110,5,,5,208,263,204,20
61,Meowth,,meowth,52,182,,,141,,1,,40,45,35,40,40,90,5,,5,167,264,282,20
62,Meowth,Alolan Meowth,meowth-alola,52,182,,,141,,16,,40,35,35,50,40,90,5,,5,167,264,193,20
63,Meowth,Galarian Meowth,meowth-galar,52,182,,,141,,17,,50,65,55,40,40,40,5,,5,167,271,282,20
64,Persian,,persian,53,184,,,142,,1,,65,70,60,65,65,115,5,,5,126,264,282,20
65,Persian,Alolan Persian,persian-alola,53,184,,,142,,16,,65,60,60,75,65,115,5,,5,78,264,193,20
66,Psyduck,,psyduck,54,,146,,55,,3,,50,52,48,65,50,55,5,2,5,43,29,257,20
67,Golduck,,golduck,55,,147,,56,,3,,80,82,78,95,80,85,5,2,5,43,29,257,20
68,Mankey,,mankey,56,,,,158,99,7,,40,80,35,35,45,70,5,,5,286,6,49,20
69,Primeape,,primeape,57,,,,159,100,7,,65,105,60,60,70,95,5,,5,286,6,49,20
70,Growlithe,,growlithe,58,70,,,213,78,2,,55,70,45,70,50,60,5,,6,114,69,118,20
71,Growlithe,Hisuian Growlithe,growlithe-hisui,58,70,,,213,78,2,13,60,75,45,65,50,55,5,,6,114,69,200,20
72,Arcanine,,arcanine,59,71,,,214,79,2,,90,110,80,100,80,95,5,,6,114,69,118,20
73,Arcanine,Hisuian Arcanine,arcanine-hisui,59,71,,,214,79,2,13,95,115,80,95,80,90,5,,6,114,69,200,20
74,Poliwag,,poliwag,60,,142,,,39,3,,40,50,40,40,40,90,2,,5,289,43,257,20
75,Poliwhirl,,poliwhirl,61,,143,,,40,3,,65,65,65,50,50,90,2,,5,289,43,257,20
76,Poliwrath,,poliwrath,62,,144,,,41,3,7,90,95,95,70,90,70,2,,5,289,43,257,20
77,Abra,,abra,63,,31,,,,11,,25,20,15,105,55,90,8,,6,260,112,132,20
78,Kadabra,,kadabra,64,,32,,,,11,,40,35,30,120,70,105,8,,6,260,112,132,20
79,Alakazam,,alakazam,65,,33,,,,11,,55,50,45,135,95,120,8,,6,260,112,132,20
80,Machop,,machop,66,138,,,,,7,,70,80,50,35,35,35,8,,6,90,155,241,20
81,Machoke,,machoke,67,139,,,,,7,,80,100,70,50,60,45,8,,6,90,155,241,20
82,Machamp,,machamp,68,140,,,,,7,,90,130,80,65,85,55,8,,6,90,155,241,20
83,Bellsprout,,bellsprout,69,,,,,23,5,8,50,75,35,70,30,40,7,,5,27,,81,20
84,Weepinbell,,weepinbell,70,,,,,24,5,8,65,90,50,85,45,55,7,,5,27,,81,20
85,Victreebel,,victreebel,71,,,,,25,5,8,80,105,65,100,70,70,7,,5,27,,81,20
86,Tentacool,,tentacool,72,,40,,,,3,8,40,40,35,50,100,70,9,,5,28,128,192,20
87,Tentacruel,,tentacruel,73,,41,,,,3,8,80,70,65,80,120,100,9,,5,28,128,192,20
88,Geodude,,geodude,74,,,,,80,13,9,40,80,100,30,30,20,10,,5,200,249,208,15
89,Geodude,Alolan Geodude,geodude-alola,74,,,,,80,13,4,40,80,100,30,30,20,10,,5,135,249,80,15
90,Graveler,,graveler,75,,,,,81,13,9,55,95,115,45,45,35,10,,5,200,249,208,15
91,Graveler,Alolan Graveler,graveler-alola,75,,,,,81,13,4,55,95,115,45,45,35,10,,5,135,249,80,15
92,Golem,,golem,76,,,,,82,13,9,80,120,130,55,65,45,10,,5,200,249,208,15
93,Golem,Alolan Golem,golem-alola,76,,,,,82,13,4,80,120,130,55,65,45,10,,5,135,249,80,15
94,Ponyta,,ponyta,77,333,,105,,,2,,50,85,55,65,65,90,5,,5,203,69,67,20
95,Ponyta,Galarian Ponyta,ponyta-galar,77,333,,105,,,11,,50,85,55,65,65,90,5,,5,203,164,8,20
96,Rapidash,,rapidash,78,334,,106,,,2,,65,100,70,80,80,105,5,,5,203,69,67,20
97,Rapidash,Galarian Rapidash,rapidash-galar,78,334,,106,,,11,18,65,100,70,80,80,105,5,,5,203,164,8,20
98,Slowpoke,,slowpoke,79,,1,,324,,3,11,90,65,65,40,40,15,1,2,5,157,162,197,20
99,Slowpoke,Galarian Slowpoke,slowpoke-galar,79,,1,,324,,11,,90,65,65,40,40,15,1,2,5,81,162,197,20
100,Slowbro,,slowbro,80,,2,,325,,3,11,95,75,110,100,80,30,1,2,5,157,162,197,20
101,Slowbro,Galarian Slowbro,slowbro-galar,80,,2,,325,,8,11,95,100,95,100,70,30,1,2,5,189,162,197,20
102,Magnemite,,magnemite,81,,105,,209,,4,17,25,35,70,95,55,45,10,,1,135,249,5,20
103,Magneton,,magneton,82,,106,,210,,4,17,50,60,95,120,70,70,10,,1,135,249,5,20
104,Farfetch'd,,farfetchd,83,218,,,,,1,10,52,90,55,58,62,60,5,4,5,119,112,49,20
105,Farfetch'd,Galarian Farfetch'd,farfetchd-galar,83,218,,,,,7,,52,95,55,58,62,55,5,4,5,241,,211,20
106,Doduo,,doduo,84,,,,,,1,10,35,85,45,35,35,75,4,,5,203,58,262,20
107,Dodrio,,dodrio,85,,,,,,1,10,60,110,70,60,60,110,4,,5,203,58,262,20
108,Seel,,seel,86,,,,,,3,,65,45,55,45,70,45,5,2,5,268,101,103,20
109,Dewgong,,dewgong,87,,,,,,3,6,90,70,80,70,95,70,5,2,5,268,101,103,20
110,Grimer,,grimer,88,,,,194,,8,,80,80,50,40,50,25,11,,5,245,246,172,20
111,Grimer,Alolan Grimer,grimer-alola,88,,,,194,,8,16,80,80,50,40,50,25,11,,5,172,81,175,20
112,Muk,,muk,89,,,,195,,8,,105,105,75,65,100,50,11,,5,245,246,172,20
113,Muk,Alolan Muk,muk-alola,89,,,,195,,8,16,105,105,75,65,100,50,11,,5,172,81,175,20
114,Shellder,,shellder,90,150,131,,329,,3,,30,65,100,45,25,40,9,,5,220,224,160,20
115,Cloyster,,cloyster,91,151,132,,330,,3,6,50,95,180,85,45,70,9,,5,220,224,160,20
116,Gastly,,gastly,92,141,,,68,118,14,8,30,35,30,100,35,80,11,,5,122,,,20
117,Haunter,,haunter,93,142,,,69,119,14,8,45,50,45,115,55,95,11,,5,122,,,20
118,Gengar,,gengar,94,143,,,70,120,14,8,60,65,60,130,75,110,11,,5,41,,,20
119,Onix,,onix,95,178,,,,,13,9,35,45,160,30,45,70,10,,5,200,249,293,25
120,Drowzee,,drowzee,96,,,,66,,11,,60,48,45,43,90,42,8,,5,113,74,112,20
121,Hypno,,hypno,97,,,,67,,11,,85,73,70,73,115,67,8,,5,113,74,112,20
122,Krabby,,krabby,98,98,38,,,,3,,30,105,90,25,25,50,9,,5,102,220,219,20
123,Kingler,,kingler,99,99,39,,,,3,,55,130,115,50,50,75,9,,5,102,220,219,20
124,Voltorb,,voltorb,100,,,,207,,4,,40,30,50,55,55,100,10,,1,233,240,3,20
125,Voltorb,Hisuian Voltorb,voltorb-hisui,100,,,,207,,4,5,40,30,50,55,55,100,10,,1,233,240,3,20
126,Electrode,,electrode,101,,,,208,,4,,60,50,70,80,80,150,10,,1,233,240,3,20
127,Electrode,Hisuian Electrode,electrode-hisui,101,,,,208,,4,5,60,50,70,80,80,150,10,,1,233,240,3,20
128,Exeggcute,,exeggcute,102,,205,,,,5,11,60,40,80,60,45,40,7,,5,27,,92,20
129,Exeggutor,,exeggutor,103,,206,,,,5,11,95,95,85,125,75,55,7,,5,27,,92,20
130,Exeggutor,Alolan Exeggutor,exeggutor-alola,103,,206,,,,5,15,95,105,85,125,75,45,7,,5,76,,92,20
131,Cubone,,cubone,104,,170,,,,9,,50,50,95,40,50,35,1,,5,200,125,17,20
132,Marowak,,marowak,105,,171,,,,9,,60,80,110,50,80,45,1,,5,200,125,17,20
133,Marowak,Alolan Marowak,marowak-alola,105,,171,,,,2,14,60,80,110,50,80,45,1,,5,41,125,200,20
134,Hitmonlee,,hitmonlee,106,108,,,,,7,,50,120,53,35,110,87,8,,8,126,195,281,25
135,Hitmonchan,,hitmonchan,107,109,,,,,7,,50,105,79,35,110,76,8,,8,119,117,112,25
136,Lickitung,,lickitung,108,,54,,,,1,,90,55,75,60,75,30,1,,5,162,157,29,20
137,Koffing,,koffing,109,250,,,,135,8,,40,65,95,60,45,35,11,,5,122,154,245,20
138,Weezing,,weezing,110,251,,,,136,8,,65,90,120,85,70,60,11,,5,122,154,245,20
139,Weezing,Galarian Weezing,weezing-galar,110,251,,,,136,8,18,65,90,120,85,70,60,11,,5,122,154,143,20
140,Rhyhorn,,rhyhorn,111,264,183,,,,9,13,80,85,95,30,30,25,5,1,5,125,200,195,20
141,Rhydon,,rhydon,112,265,184,,,,9,13,105,130,120,45,45,40,5,1,5,125,200,195,20
142,Chansey,,chansey,113,,7,,44,,1,,250,5,5,35,105,50,6,,2,152,214,93,40
143,Tangela,,tangela,114,,80,,,,5,,65,55,115,100,40,60,7,,5,27,121,197,20
144,Kangaskhan,,kangaskhan,115,,172,,,,1,,105,95,80,40,80,90,1,,2,58,211,112,20
145,Horsea,,horsea,116,,198,,,,3,,30,40,70,70,25,60,14,2,5,257,227,43,20
146,Seadra,,seadra,117,,199,,,,3,,55,65,95,95,45,85,14,2,5,171,227,43,20
147,Goldeen,,goldeen,118,146,94,,,,3,,45,67,60,35,50,63,12,,5,257,292,125,20
148,Seaking,,seaking,119,147,95,,,,3,,80,92,65,65,80,68,12,,5,257,292,125,20
149,Staryu,,staryu,120,,98,,,,3,,30,45,55,70,55,85,9,,1,106,152,5,20
150,Starmie,,starmie,121,,99,,,,3,11,60,75,85,100,85,115,9,,1,106,152,5,20
151,Mr. Mime,,mr-mime,122,365,,11,,,11,18,40,45,65,100,120,90,8,,5,233,66,264,25
152,Mr. Mime,Galarian Mr. Mime,mr-mime-galar,122,365,,11,,,6,11,50,65,65,90,90,100,8,,5,286,212,103,25
153,Scyther,,scyther,123,,118,,260,,12,10,70,110,80,55,80,105,3,,5,255,264,241,25
154,Jynx,,jynx,124,,,14,,,6,11,65,50,35,115,95,95,8,,2,157,74,57,25
155,Electabuzz,,electabuzz,125,,,16,,,4,,65,83,57,95,85,105,8,,6,240,,286,25
156,Magmar,,magmar,126,,,19,,,2,,65,95,57,100,85,93,8,,6,67,,286,25
157,Pinsir,,pinsir,127,,120,,,,12,,65,125,100,55,70,85,3,,5,102,144,147,25
158,Tauros,,tauros,128,,116,,223,,1,,75,100,95,40,70,110,5,,8,114,6,219,20
159,Tauros,Combat Breed,tauros-combat,128,,116,,223,,7,,75,110,105,30,70,100,5,,8,114,6,39,20
160,Tauros,Blaze Breed,tauros-blaze,128,,116,,223,,7,2,75,110,105,30,70,100,5,,8,114,6,39,20
161,Tauros,Aqua Breed,tauros-aqua,128,,116,,223,,7,3,75,110,105,30,70,100,5,,8,114,6,39,20
162,Magikarp,,magikarp,129,144,42,62,134,43,3,,20,10,55,15,20,80,14,12,5,257,,193,5
163,Gyarados,,gyarados,130,145,43,63,135,44,3,10,95,125,79,60,100,81,14,12,5,114,,147,5
164,Lapras,,lapras,131,361,,190,,,3,6,130,85,80,85,95,60,1,2,5,289,220,101,40
165,Ditto,,ditto,132,373,207,,212,,1,,48,48,48,48,48,48,13,,1,126,,109,20
166,Eevee,,eevee,133,196,,74,179,,1,,55,55,50,45,65,55,5,,7,203,1,8,35
167,Vaporeon,,vaporeon,134,197,,75,180,,3,,130,65,60,110,95,65,5,,7,289,,101,35
168,Jolteon,,jolteon,135,198,,76,181,,4,,65,65,60,110,95,130,5,,7,287,,190,35
169,Flareon,,flareon,136,199,,77,182,,2,,65,130,60,95,110,65,5,,7,69,,90,35
170,Porygon,,porygon,137,,208,,,,1,,65,60,70,85,75,40,10,,1,275,53,5,20
171,Omanyte,,omanyte,138,,,123,,,13,3,35,40,100,90,55,35,2,9,7,257,220,293,30
172,Omastar,,omastar,139,,,124,,,13,3,70,60,125,115,70,55,2,9,7,257,220,293,30
173,Kabuto,,kabuto,140,,,125,,,13,3,30,80,90,55,45,55,2,9,7,257,17,293,30
174,Kabutops,,kabutops,141,,,126,,,13,3,60,115,105,65,70,80,2,9,7,257,17,293,30
175,Aerodactyl,,aerodactyl,142,,,127,,,13,10,80,105,65,60,75,130,4,,7,200,177,282,35
176,Snorlax,,snorlax,143,261,,173,,103,1,,160,110,65,65,110,30,1,,7,108,268,81,40
177,Articuno,,articuno,144,,,202,,,6,10,90,85,100,95,125,85,15,,1,177,,228,80
178,Articuno,Galarian Articuno,articuno-galar,144,,,202,,,11,10,90,85,85,125,100,95,15,,1,33,,,80
179,Zapdos,,zapdos,145,,,203,,,4,10,90,90,85,125,90,100,15,,1,177,,240,80
180,Zapdos,Galarian Zapdos,zapdos-galar,145,,,203,,,7,10,90,125,90,85,90,100,15,,1,49,,,80
181,Moltres,,moltres,146,,,204,,,2,10,90,100,90,125,85,90,15,,1,177,,67,80
182,Moltres,Galarian Moltres,moltres-galar,146,,,204,,,16,10,90,85,90,100,125,90,15,,1,21,,,80
183,Dratini,,dratini,147,,,194,347,,15,,41,64,45,50,50,50,14,2,5,218,,136,40
184,Dragonair,,dragonair,148,,,195,348,,15,,61,84,65,70,70,70,14,2,5,218,,136,40
185,Dragonite,,dragonite,149,,,196,349,,15,10,91,134,95,100,100,80,14,2,5,112,,148,40
186,Mewtwo,,mewtwo,150,,,,,,11,,106,110,90,154,90,130,15,,1,177,,282,120
187,Mew,,mew,151,,,,,,11,,100,100,100,100,100,100,15,,1,260,,,120
188,Chikorita,,chikorita,152,,,,,,5,,45,49,65,49,65,45,7,1,7,161,,121,20
189,Bayleef,,bayleef,153,,,,,,5,,60,62,80,63,80,60,7,1,7,161,,121,20
190,Meganium,,meganium,154,,,,,,5,,80,82,100,83,100,80,7,1,7,161,,121,20
191,Cyndaquil,,cyndaquil,155,,,,,,2,,39,52,43,60,50,65,5,,7,23,,69,20
192,Quilava,,quilava,156,,,,,,2,,58,64,58,80,65,80,5,,7,23,,69,20
193,Typhlosion,,typhlosion,157,,,,,,2,,78,84,78,109,85,100,5,,7,23,,69,20
194,Typhlosion,Hisuian Typhlosion,typhlosion-hisui,157,,,,,,2,14,73,84,78,119,85,95,5,,7,23,,76,20
195,Totodile,,totodile,158,,,,,,3,,50,65,64,44,48,43,1,2,7,270,,219,20
196,Croconaw,,croconaw,159,,,,,,3,,65,80,80,59,63,58,1,2,7,270,,219,20
197,Feraligatr,,feraligatr,160,,,,,,3,,85,105,100,79,83,78,1,2,7,270,,219,20
198,Sentret,,sentret,161,,,,,26,1,,35,46,34,35,45,20,5,,5,203,119,76,15
199,Furret,,furret,162,,,,,27,1,,85,76,64,45,55,90,5,,5,203,119,76,15
200,Hoothoot,,hoothoot,163,19,,,,45,1,10,60,30,30,36,56,50,4,,5,113,119,269,15
201,Noctowl,,noctowl,164,20,,,,46,1,10,100,50,50,86,96,70,4,,5,113,119,269,15
202,Ledyba,,ledyba,165,,,,,,12,10,40,20,30,40,80,55,3,,5,255,58,193,15
203,Ledian,,ledian,166,,,,,,12,10,55,35,50,55,110,85,3,,5,255,58,117,15
204,Spinarak,,spinarak,167,,,,,1,12,8,40,60,40,40,40,30,3,,5,255,113,227,15
205,Ariados,,ariados,168,,,,,2,12,8,70,90,70,60,70,40,3,,5,255,113,227,15
206,Crobat,,crobat,169,,,146,,,8,10,85,90,80,70,80,130,4,,5,112,,110,15
207,Chinchou,,chinchou,170,220,188,,,,3,4,75,38,38,56,56,67,12,,5,287,106,289,20
208,Lanturn,,lanturn,171,221,189,,,,3,4,125,58,58,76,76,67,12,,5,287,106,289,20
209,Pichu,,pichu,172,193,84,,73,20,4,,20,40,15,35,35,60,15,,5,240,,125,10
210,Cleffa,,cleffa,173,254,,43,,151,18,,50,25,28,45,55,15,15,,4,42,132,75,10
211,Igglybuff,,igglybuff,174,,11,,59,,1,18,90,30,15,40,20,15,15,,4,42,33,75,10
212,Togepi,,togepi,175,257,,,,,18,,35,20,65,40,65,20,15,,7,100,214,251,10
213,Togetic,,togetic,176,258,,,,,18,10,55,40,85,80,105,40,6,4,7,100,214,251,10
214,Natu,,natu,177,92,,,,,11,10,40,50,45,70,45,70,4,,5,260,58,131,20
215,Xatu,,xatu,178,93,,,,,11,10,65,75,70,95,70,95,4,,5,260,58,131,20
216,Mareep,,mareep,179,,,,101,,4,,55,40,40,65,45,35,5,1,5,240,,169,20
217,Flaaffy,,flaaffy,180,,,,102,,4,,70,55,55,80,60,45,5,1,5,240,,169,20
218,Ampharos,,ampharos,181,,,,103,,4,,90,75,85,115,90,55,5,1,5,240,,169,20
219,Bellossom,,bellossom,182,58,,,,,5,,75,80,95,90,100,50,7,,5,27,,93,20
220,Marill,,marill,183,,140,,47,,3,18,70,20,50,20,50,40,6,2,5,268,98,209,10
221,Azumarill,,azumarill,184,,141,,48,,3,18,100,50,80,60,80,50,6,2,5,268,98,209,10
222,Sudowoodo,,sudowoodo,185,253,,,88,84,13,,70,100,115,30,65,30,10,,5,249,200,193,20
223,Politoed,,politoed,186,,145,,,42,3,,90,75,75,90,100,70,2,,5,289,43,55,20
224,Hoppip,,hoppip,187,,,,16,,5,10,35,35,40,35,55,50,6,7,5,27,121,110,20
225,Skiploom,,skiploom,188,,,,17,,5,10,55,45,50,45,65,80,6,7,5,27,121,110,20
226,Jumpluff,,jumpluff,189,,,,18,,5,10,75,55,70,55,95,110,6,7,5,27,121,110,20
227,Aipom,,aipom,190,,,,,47,1,,55,70,55,40,55,85,5,,5,203,167,224,20
228,Sunkern,,sunkern,191,,,,31,,5,,30,30,30,30,30,30,7,,5,27,230,58,20
229,Sunflora,,sunflora,192,,,,32,,5,,75,75,55,105,85,30,7,,5,27,230,58,20
230,Yanma,,yanma,193,,,,,3,12,10,65,65,45,75,45,95,3,,5,234,34,76,20
231,Wooper,,wooper,194,100,58,,53,5,3,9,55,45,45,25,25,15,5,2,5,43,289,280,20
232,Wooper,Paldean Wooper,wooper-paldea,194,100,58,,53,5,8,9,55,45,45,25,25,15,5,2,5,171,289,280,20
233,Quagsire,,quagsire,195,101,59,,,6,3,9,95,85,85,65,65,35,5,2,5,43,289,280,20
234,Espeon,,espeon,196,200,,79,183,,11,,65,65,60,130,95,110,5,,7,260,,131,35
235,Umbreon,,umbreon,197,201,,78,184,,16,,95,65,110,60,130,65,5,,7,260,,112,35
236,Murkrow,,murkrow,198,,,,232,,16,10,60,85,42,85,42,91,4,,5,113,251,176,20
237,Slowking,,slowking,199,,3,,326,,3,11,95,75,80,100,110,30,1,2,5,157,162,197,20
238,Slowking,Galarian Slowking,slowking-galar,199,,3,,326,,8,11,95,65,80,110,110,30,1,2,5,40,162,197,20
239,Misdreavus,,misdreavus,200,,,,114,,14,,60,60,60,85,85,85,11,,5,122,,,25
240,Unown,,unown,201,,,,,,11,,48,72,48,72,48,48,15,,1,122,,,40
241,Wobbuffet,,wobbuffet,202,217,,,,,11,,190,33,58,33,58,33,11,,5,216,,265,20
242,Girafarig,,girafarig,203,,,,192,,1,11,70,80,65,90,65,85,5,,5,112,58,209,20
243,Pineco,,pineco,204,,,,258,,12,,50,65,90,35,35,15,3,,5,249,,160,20
244,Forretress,,forretress,205,,,,259,,12,17,75,90,140,60,60,40,3,,5,249,,160,20
245,Dunsparce,,dunsparce,206,,52,,188,160,1,,100,70,70,65,65,45,5,,5,214,203,193,20
246,Gligar,,gligar,207,,,,,121,9,10,65,75,105,35,65,85,3,,5,102,208,108,20
247,Steelix,,steelix,208,179,,,,,17,9,75,85,200,55,65,30,10,,5,200,249,219,25
248,Snubbull,,snubbull,209,,,,,,18,,60,80,50,40,40,30,6,5,4,114,203,193,20
249,Granbull,,granbull,210,,,,,,18,,90,120,75,60,60,45,6,5,4,114,190,193,20
250,Qwilfish,,qwilfish,211,304,,,331,,3,8,65,95,85,55,55,85,12,,5,171,257,114,20
251,Qwilfish,Hisuian Qwilfish,qwilfish-hisui,211,304,,,331,,16,8,65,95,85,55,55,85,12,,5,171,257,114,20
252,Scizor,,scizor,212,,119,,261,,12,17,70,130,100,55,80,65,3,,5,255,264,124,25
253,Shuckle,,shuckle,213,227,,170,,,12,13,20,10,230,10,230,5,3,,5,249,81,35,20
254,Heracross,,heracross,214,,121,,262,49,12,7,80,125,75,40,95,85,3,,5,255,90,147,25
255,Sneasel,,sneasel,215,292,,28,230,170,16,6,55,95,55,35,75,115,5,,5,112,119,166,20
256,Sneasel,Hisuian Sneasel,sneasel-hisui,215,292,,28,230,170,7,8,55,95,55,35,75,115,5,,5,112,119,166,20
257,Teddiursa,,teddiursa,216,,,,215,,1,,60,80,50,50,50,40,5,,5,167,190,96,20
258,Ursaring,,ursaring,217,,,,216,,1,,90,130,75,75,75,55,5,,5,90,190,282,20
259,Slugma,,slugma,218,,,,,144,2,,40,40,40,70,40,20,11,,5,134,67,293,20
260,Magcargo,,magcargo,219,,,,,145,2,13,60,50,120,90,80,30,11,,5,134,67,293,20
261,Swinub,,swinub,220,75,,7,,50,6,9,50,50,40,30,30,50,5,,5,157,228,268,20
262,Piloswine,,piloswine,221,76,,8,,51,6,9,100,100,80,60,60,50,5,,5,157,228,268,20
263,Corsola,,corsola,222,236,,,,,3,13,65,55,95,65,95,35,2,9,4,100,152,197,20
264,Corsola,Galarian Corsola,corsola-galar,222,236,,,,,14,,60,55,100,65,100,30,2,9,4,293,,41,20
265,Remoraid,,remoraid,223,148,44,,,,3,,35,65,35,65,35,65,2,12,5,100,227,145,20
266,Octillery,,octillery,224,149,45,,,,3,,75,105,75,105,75,45,2,12,5,250,227,145,20
267,Delibird,,delibird,225,78,,120,354,,6,10,45,55,45,65,45,75,5,2,5,286,100,113,20
268,Mantine,,mantine,226,355,47,,,,3,10,85,40,70,80,140,70,2,,5,257,289,292,25
269,Skarmory,,skarmory,227,,153,,,,17,10,65,80,140,40,70,70,4,,5,119,249,293,25
270,Houndour,,houndour,228,,,,25,123,16,2,45,60,30,80,50,65,5,,5,58,69,282,20
271,Houndoom,,houndoom,229,,,,26,124,16,2,75,90,50,110,80,95,5,,5,58,69,282,20
272,Kingdra,,kingdra,230,,200,,,,3,15,75,95,95,95,95,85,14,2,5,257,227,43,20
273,Phanpy,,phanpy,231,,,,122,,9,,90,60,60,40,40,40,5,,5,167,,208,20
274,Donphan,,donphan,232,,,,123,,9,,90,120,120,60,60,50,5,,5,249,,208,20
275,Porygon2,,porygon2,233,,209,,,,1,,85,80,90,105,95,60,10,,1,275,53,5,20
276,Stantler,,stantler,234,,,,204,53,1,,73,95,62,85,65,85,5,,5,114,76,209,20
277,Smeargle,,smeargle,235,,,,,,1,,55,20,35,20,45,75,5,,5,162,264,145,20
278,Tyrogue,,tyrogue,236,107,,,,,7,,35,35,35,35,35,35,15,,8,90,241,286,25
279,Hitmontop,,hitmontop,237,110,,,,,7,,50,95,95,35,110,70,8,,8,114,264,241,25
280,Smoochum,,smoochum,238,,,13,,,6,11,45,30,15,85,65,65,15,,2,157,74,101,25
281,Elekid,,elekid,239,,,15,,,4,,45,63,37,65,55,95,15,,6,240,,286,25
282,Magby,,magby,240,,,18,,,2,,45,75,37,70,55,83,15,,6,67,,286,25
283,Miltank,,miltank,241,,117,,,,1,,95,80,105,40,70,100,5,,2,268,211,209,20
284,Blissey,,blissey,242,,8,,45,,1,,255,10,10,75,135,55,6,,2,152,214,93,40
285,Raikou,,raikou,243,,,,,,4,,90,85,75,115,100,115,15,,1,177,,112,80
286,Entei,,entei,244,,,,,,2,,115,115,85,90,75,100,15,,1,177,,112,80
287,Suicune,,suicune,245,,,,,,3,,100,75,115,90,115,85,15,,1,177,,112,80
288,Larvitar,,larvitar,246,383,,139,316,,13,9,50,64,50,45,50,41,1,,5,90,,208,40
289,Pupitar,,pupitar,247,384,,140,317,,13,9,70,84,70,65,70,51,1,,5,218,,,40
290,Tyranitar,,tyranitar,248,385,,141,318,,13,16,100,134,110,95,100,61,1,,5,207,,282,40
291,Lugia,,lugia,249,,,,,,11,10,106,90,130,90,154,110,15,,1,177,,148,120
292,Ho-oh,,ho-oh,250,,,,,,2,10,106,130,90,110,154,90,15,,1,177,,197,120
293,Celebi,,celebi,251,,,,,,11,5,100,100,100,100,100,100,15,,1,152,,,120
294,Treecko,,treecko,252,,,,,,5,,40,45,35,65,55,70,14,1,7,161,,281,20
295,Grovyle,,grovyle,253,,,,,,5,,50,65,45,85,65,95,14,1,7,161,,281,20
296,Sceptile,,sceptile,254,,,,,,5,,70,85,65,105,85,120,14,1,7,161,,281,20
297,Torchic,,torchic,255,,,,,,2,,45,60,40,70,50,45,5,,7,23,,234,20
298,Combusken,,combusken,256,,,,,,2,7,60,85,60,85,60,55,5,,7,23,,234,20
299,Blaziken,,blaziken,257,,,,,,2,7,80,120,70,110,70,80,5,,7,23,,234,20
300,Mudkip,,mudkip,258,,,,,,3,,50,70,50,50,50,40,1,2,7,270,,43,20
301,Marshtomp,,marshtomp,259,,,,,,3,9,70,85,70,60,70,50,1,2,7,270,,43,20
302,Swampert,,swampert,260,,,,,,3,9,100,110,90,85,90,60,1,2,7,270,,43,20
303,Poochyena,,poochyena,261,,,,,7,16,,35,55,35,30,30,35,5,,5,203,190,193,15
304,Mightyena,,mightyena,262,,,,,8,16,,70,90,70,60,60,70,5,,5,114,190,147,15
305,Zigzagoon,,zigzagoon,263,31,,71,,,1,,38,30,41,30,41,60,5,,5,167,81,190,15
306,Zigzagoon,Galarian Zigzagoon,zigzagoon-galar,263,31,,71,,,16,1,38,30,41,30,41,60,5,,5,167,81,190,15
307,Linoone,,linoone,264,32,,72,,,1,,78,70,61,50,61,100,5,,5,167,81,190,15
308,Linoone,Galarian Linoone,linoone-galar,264,32,,72,,,16,1,78,70,61,50,61,100,5,,5,167,81,190,15
309,Wurmple,,wurmple,265,,,,,,12,,45,45,35,20,30,20,3,,5,221,,203,15
310,Silcoon,,silcoon,266,,,,,,12,,50,35,55,25,25,15,3,,5,218,,,15
311,Beautifly,,beautifly,267,,,,,,12,10,60,70,50,100,50,65,3,,5,255,,199,15
312,Cascoon,,cascoon,268,,,,,,12,,50,35,55,25,25,15,3,,5,218,,,15
313,Dustox,,dustox,269,,,,,,12,8,60,50,70,50,90,65,3,,5,221,,34,15
314,Lotad,,lotad,270,36,,,,104,3,5,40,30,30,40,50,30,7,2,5,257,192,162,15
315,Lombre,,lombre,271,37,,,,105,3,5,60,50,50,60,70,50,7,2,5,257,192,162,15
316,Ludicolo,,ludicolo,272,38,,,,106,3,5,80,70,70,90,100,70,7,2,5,257,192,162,15
317,Seedot,,seedot,273,39,,,,54,5,,40,40,50,30,30,30,5,7,5,27,58,166,15
318,Nuzleaf,,nuzleaf,274,40,,,,55,5,16,70,70,40,60,40,60,5,7,5,27,58,166,15
319,Shiftry,,shiftry,275,41,,,,56,5,16,90,100,60,90,60,80,5,7,5,298,58,166,15
320,Taillow,,taillow,276,,,,,,1,10,40,55,30,30,30,85,4,,5,90,,211,15
321,Swellow,,swellow,277,,,,,,1,10,60,85,60,75,50,125,4,,5,90,,211,15
322,Wingull,,wingull,278,62,48,,132,,3,10,40,30,30,55,30,85,4,2,5,119,101,192,20
323,Pelipper,,pelipper,279,63,49,,133,,3,10,60,50,100,95,70,65,4,2,5,119,55,192,20
324,Ralts,,ralts,280,120,34,,62,57,11,18,28,25,25,45,35,40,11,8,5,260,275,265,20
325,Kirlia,,kirlia,281,121,35,,63,58,11,18,38,35,35,65,55,50,11,8,5,260,275,265,20
326,Gardevoir,,gardevoir,282,122,36,,64,59,11,18,68,65,65,125,115,80,11,8,5,260,275,265,20
327,Surskit,,surskit,283,,,,49,149,12,3,40,30,32,50,52,65,3,2,5,257,,192,15
328,Masquerain,,masquerain,284,,,,50,150,12,10,70,60,62,100,82,80,3,2,5,114,,282,15
329,Shroomish,,shroomish,285,,,,106,,5,,60,40,60,40,60,35,6,7,5,60,170,190,15
330,Breloom,,breloom,286,,,,107,,5,7,60,130,80,60,60,70,6,7,5,60,170,264,15
331,Slakoth,,slakoth,287,,,,78,,1,,60,60,60,35,35,30,5,,5,278,,,15
332,Vigoroth,,vigoroth,288,,,,79,,1,,80,80,80,55,55,90,5,,5,286,,,15
333,Slaking,,slaking,289,,,,80,,1,,150,160,100,95,65,100,5,,5,278,,,15
334,Nincada,,nincada,290,104,,,,,12,9,31,45,90,30,30,40,3,,5,34,,203,15
335,Ninjask,,ninjask,291,105,,,,,12,10,61,90,45,50,50,160,3,,5,234,,110,15
336,Shedinja,,shedinja,292,106,,,,,12,14,1,90,45,30,30,40,10,,1,299,,,15
337,Whismur,,whismur,293,,148,,,,1,,64,51,23,51,23,28,5,1,5,233,,193,20
338,Loudred,,loudred,294,,149,,,,1,,84,71,43,71,43,48,5,1,5,233,,211,20
339,Exploud,,exploud,295,,150,,,,1,,104,91,63,91,73,68,5,1,5,233,,211,20
340,Makuhita,,makuhita,296,,,,116,,7,,72,60,30,20,30,25,8,,6,268,90,219,20
341,Hariyama,,hariyama,297,,,,117,,7,,144,120,60,40,60,50,8,,6,268,90,219,20
342,Azurill,,azurill,298,,139,,46,,1,18,50,20,40,20,40,20,15,,4,268,98,209,10
343,Nosepass,,nosepass,299,,,,,107,13,,30,45,135,45,90,30,10,,5,249,135,204,20
344,Skitty,,skitty,300,,,,,,1,,50,45,45,35,35,50,6,5,4,42,156,300,15
345,Delcatty,,delcatty,301,,,,,,1,,70,65,65,55,55,90,6,5,4,42,156,300,15
346,Sableye,,sableye,302,294,,174,297,,16,14,50,75,75,65,65,50,8,,5,119,236,176,25
347,Mawile,,mawile,303,295,,175,,,17,18,50,85,85,55,55,50,6,5,5,102,114,219,20
348,Aron,,aron,304,,,191,,,17,13,50,70,100,40,40,30,1,,5,249,200,95,35
349,Lairon,,lairon,305,,,192,,,17,13,60,90,140,50,50,40,1,,5,249,200,95,35
350,Aggron,,aggron,306,,,193,,,17,13,70,110,180,60,60,50,1,,5,249,200,95,35
351,Meditite,,meditite,307,,,,161,,7,11,30,40,55,40,55,60,8,,5,185,,265,20
352,Medicham,,medicham,308,,,,162,,7,11,60,60,75,60,75,80,8,,5,185,,265,20
353,Electrike,,electrike,309,66,,,,,4,,40,45,40,65,40,65,5,,5,240,125,141,20
354,Manectric,,manectric,310,67,,,,,4,,70,75,60,105,60,105,5,,5,240,125,141,20
355,Plusle,,plusle,311,,,,,,4,,60,50,40,85,75,95,6,,5,169,,125,20
356,Minun,,minun,312,,,,,,4,,60,40,50,75,85,95,6,,5,141,,287,20
357,Volbeat,,volbeat,313,,,,,9,12,,65,73,75,47,85,85,3,8,8,106,255,176,15
358,Illumise,,illumise,314,,,,,10,12,,65,47,75,73,85,85,3,8,2,157,269,176,15
359,Roselia,,roselia,315,60,,,,,5,8,50,60,45,100,80,65,6,7,5,152,171,121,20
360,Gulpin,,gulpin,316,,,,139,,8,,70,43,53,43,53,40,11,,5,128,246,81,20
361,Swalot,,swalot,317,,,,140,,8,,100,73,83,73,83,55,11,,5,128,246,81,20
362,Carvanha,,carvanha,318,,111,,,,3,16,45,90,20,65,20,65,12,,5,202,,234,20
363,Sharpedo,,sharpedo,319,,112,,,,3,16,70,120,40,95,40,95,12,,5,202,,234,20
364,Wailmer,,wailmer,320,356,190,,,,3,,130,70,35,70,35,60,5,12,5,292,157,177,40
365,Wailord,,wailord,321,357,191,,,,3,,170,90,45,90,45,60,5,12,5,292,157,177,40
366,Numel,,numel,322,,,,151,,2,9,60,60,40,65,45,35,5,,5,157,223,162,20
367,Camerupt,,camerupt,323,,,,152,,2,9,70,100,70,105,75,40,5,,5,134,231,6,20
368,Torkoal,,torkoal,324,300,173,,150,,2,,70,85,140,85,70,20,5,,5,295,56,220,20
369,Spoink,,spoink,325,,,,111,125,11,,60,25,35,70,80,60,5,,5,268,162,81,20
370,Grumpig,,grumpig,326,,,,112,126,11,,80,45,65,90,110,80,5,,5,268,162,81,20
371,Spinda,,spinda,327,,,,,,1,,60,60,60,60,60,60,5,8,5,162,262,35,15
372,Trapinch,,trapinch,328,321,,,,,9,,45,100,45,45,45,10,3,14,5,102,9,219,20
373,Vibrava,,vibrava,329,322,,,,,9,15,50,70,50,50,50,70,3,14,5,122,,,20
374,Flygon,,flygon,330,323,,,,,9,15,80,100,80,80,80,100,3,14,5,122,,,20
375,Cacnea,,cacnea,331,,,,252,,5,,50,85,40,85,40,35,7,8,5,208,,289,20
376,Cacturne,,cacturne,332,,,,253,,5,16,70,115,60,115,60,55,7,8,5,208,,289,20
377,Swablu,,swablu,333,,,35,219,,1,10,45,40,60,40,75,50,14,4,5,152,,29,20
378,Altaria,,altaria,334,,,36,220,,15,10,75,70,90,70,105,80,14,4,5,152,,29,20
379,Zangoose,,zangoose,335,,,,217,,1,,73,115,60,60,60,90,5,,5,108,,272,20
380,Seviper,,seviper,336,,,,218,,8,,73,100,60,100,60,65,14,5,5,218,,110,20
381,Lunatone,,lunatone,337,362,,,,,13,11,90,55,65,95,85,70,10,,1,122,,,25
382,Solrock,,solrock,338,363,,,,,13,11,90,95,85,55,65,70,10,,1,122,,,25
383,Barboach,,barboach,339,228,137,60,168,162,3,9,50,48,43,46,41,60,12,,5,157,8,101,20
384,Whiscash,,whiscash,340,229,138,61,169,163,3,9,110,78,73,76,71,60,12,,5,157,8,101,20
385,Corphish,,corphish,341,102,91,,,11,3,,43,80,65,50,35,35,2,9,5,102,220,1,15
386,Crawdaunt,,crawdaunt,342,103,92,,,12,3,16,63,120,85,90,55,55,2,9,5,102,220,1,15
387,Baltoy,,baltoy,343,82,,151,,,9,11,40,40,55,40,70,55,10,,1,122,,,20
388,Claydol,,claydol,344,83,,152,,,9,11,60,70,105,70,120,75,10,,1,122,,,20
389,Lileep,,lileep,345,,,183,,,13,5,66,41,77,61,87,23,9,,7,250,,247,30
390,Cradily,,cradily,346,,,184,,,13,5,86,81,97,81,107,43,9,,7,250,,247,30
391,Anorith,,anorith,347,,,185,,,13,12,45,95,50,40,50,75,9,,7,17,,257,30
392,Armaldo,,armaldo,348,,,186,,,13,12,75,125,100,70,80,45,9,,7,17,,257,30
393,Feebas,,feebas,349,152,,188,,158,3,,20,15,20,10,55,80,14,2,5,257,157,1,20
394,Milotic,,milotic,350,153,,189,,159,3,,95,60,79,100,125,81,14,2,5,136,33,42,20
395,Castform,,castform,351,,,,,,1,,70,70,70,70,70,70,11,6,5,73,,,25
396,Castform,Sunny Form,castform-sunny,351,,,,,,2,,70,70,70,70,70,70,11,6,5,73,,,25
397,Castform,Rainy Form,castform-rainy,351,,,,,,3,,70,70,70,70,70,70,11,6,5,73,,,25
398,Castform,Snowy Form,castform-snowy,351,,,,,,6,,70,70,70,70,70,70,11,6,5,73,,,25
399,Kecleon,,kecleon,352,,,,,,1,,60,90,70,60,120,40,5,,5,30,,181,20
400,Shuppet,,shuppet,353,,,,298,,14,,44,75,35,63,33,45,11,,5,113,76,41,25
401,Banette,,banette,354,,,,299,,14,,64,115,65,83,63,65,11,,5,113,76,41,25
402,Duskull,,duskull,355,135,,,,139,14,,20,40,90,30,90,25,11,,5,122,,76,25
403,Dusclops,,dusclops,356,136,,,,140,14,,40,70,130,60,130,25,11,,5,177,,76,25
404,Tropius,,tropius,357,,,,246,,5,10,99,68,83,72,87,51,7,1,5,27,230,92,25
405,Chimecho,,chimecho,358,,,,,143,11,,75,50,80,95,90,65,11,,5,122,,,25
406,Absol,,absol,359,,,107,,,16,,65,130,60,75,60,75,5,,5,177,251,118,25
407,Wynaut,,wynaut,360,216,,,,,11,,95,23,48,23,48,23,15,,5,216,,265,20
408,Snorunt,,snorunt,361,79,,25,357,172,6,,50,50,50,50,50,50,6,10,5,112,103,145,20
409,Glalie,,glalie,362,80,,26,358,173,6,,80,80,80,80,80,80,6,10,5,112,103,145,20
410,Spheal,,spheal,363,,,159,,,6,3,70,40,50,55,50,25,5,2,5,268,103,157,20
411,Sealeo,,sealeo,364,,,160,,,6,3,90,60,70,75,70,45,5,2,5,268,103,157,20
412,Walrein,,walrein,365,,,161,,,6,3,110,80,90,95,90,65,5,2,5,268,103,157,20
413,Clamperl,,clamperl,366,,,,,,3,,35,64,85,74,55,32,2,,5,220,,193,20
414,Huntail,,huntail,367,,,,,,3,,55,104,105,94,75,52,2,,5,257,,292,20
415,Gorebyss,,gorebyss,368,,,,,,3,,55,84,105,114,75,52,2,,5,257,,101,20
416,Relicanth,,relicanth,369,,,187,,,3,13,100,90,130,45,65,55,2,12,7,257,200,249,40
417,Luvdisc,,luvdisc,370,,,,332,,3,,43,30,55,40,65,97,12,,4,257,,101,20
418,Bagon,,bagon,371,,,113,276,,15,,45,75,60,40,30,50,14,,5,200,,219,40
419,Shelgon,,shelgon,372,,,114,277,,15,,65,95,100,60,50,50,14,,5,200,,160,40
420,Salamence,,salamence,373,,,115,278,,15,10,95,135,80,110,80,100,14,,5,114,,147,40
421,Beldum,,beldum,374,,,129,,,17,11,40,55,80,35,60,30,10,,1,28,,124,40
422,Metang,,metang,375,,,130,,,17,11,60,75,100,55,80,50,10,,1,28,,124,40
423,Metagross,,metagross,376,,,131,,,17,11,80,135,130,95,90,70,10,,1,28,,124,40
424,Regirock,,regirock,377,,,197,,,13,,80,100,200,50,100,50,15,,1,28,,249,80
425,Regice,,regice,378,,,198,,,6,,80,50,100,100,200,50,15,,1,28,,103,80
426,Registeel,,registeel,379,,,199,,,17,,80,75,150,75,150,50,15,,1,28,,124,80
427,Latias,,latias,380,,,,,,15,11,80,80,90,110,130,110,15,,2,122,,,120
428,Latios,,latios,381,,,,,,15,11,80,90,80,130,110,110,15,,8,122,,,120
429,Kyogre,,kyogre,382,,,,,,3,,100,100,90,150,140,90,15,,1,55,,,120
430,Groudon,,groudon,383,,,,,,9,,100,150,140,100,90,90,15,,1,56,,,120
431,Rayquaza,,rayquaza,384,,,,,,15,10,105,150,90,150,90,95,15,,1,4,,,120
432,Jirachi,,jirachi,385,,,,,,17,11,100,100,100,100,100,100,15,,1,214,,,120
433,Deoxys,Normal Forme,deoxys-normal,386,,,,,,11,,50,150,50,150,50,150,15,,1,177,,,120
434,Deoxys,Attack Forme,deoxys-attack,386,,,,,,11,,50,180,20,180,20,150,15,,1,177,,,120
435,Deoxys,Defense Forme,deoxys-defense,386,,,,,,11,,50,70,160,70,160,90,15,,1,177,,,120
436,Deoxys,Speed Forme,deoxys-speed,386,,,,,,11,,50,95,90,95,90,180,15,,1,177,,,120
437,Turtwig,,turtwig,387,,,,,,5,,55,68,64,45,55,31,7,1,7,161,,220,20
438,Grotle,,grotle,388,,,,,,5,,75,89,85,55,65,36,7,1,7,161,,220,20
439,Torterra,,torterra,389,,,,,,5,9,95,109,105,75,85,56,7,1,7,161,,220,20
440,Chimchar,,chimchar,390,,,,,,2,,44,58,44,58,44,61,5,8,7,23,,117,20
441,Monferno,,monferno,391,,,,,,2,7,64,78,52,78,52,81,5,8,7,23,,117,20
442,Infernape,,infernape,392,,,,,,2,7,76,104,71,104,71,108,5,8,7,23,,117,20
443,Piplup,,piplup,393,,,,,,3,,53,51,53,61,56,40,5,2,7,270,,33,20
444,Prinplup,,prinplup,394,,,,,,3,,64,66,68,81,76,50,5,2,7,270,,33,20
445,Empoleon,,empoleon,395,,,,,,3,17,84,86,88,111,101,60,5,2,7,270,,33,20
446,Starly,,starly,396,,,,97,28,1,10,40,55,30,30,30,60,4,,5,119,,195,15
447,Staravia,,staravia,397,,,,98,29,1,10,55,75,50,40,40,80,4,,5,114,,195,15
448,Staraptor,,staraptor,398,,,,99,30,1,10,85,120,70,50,60,100,4,,5,114,,195,15
449,Bidoof,,bidoof,399,,,,,,1,,59,45,40,35,40,31,5,2,5,223,280,145,15
450,Bibarel,,bibarel,400,,,,,,1,3,79,85,60,55,60,71,5,2,5,223,280,145,15
451,Kricketot,,kricketot,401,,,,33,61,12,,37,25,41,25,41,25,3,,5,218,,203,15
452,Kricketune,,kricketune,402,,,,34,62,12,,77,85,51,55,51,65,3,,5,255,,264,15
453,Shinx,,shinx,403,,25,,94,109,4,,45,65,34,40,34,45,5,,5,199,114,90,20
454,Luxio,,luxio,404,,26,,95,110,4,,60,85,49,60,49,60,5,,5,199,114,90,20
455,Luxray,,luxray,405,,27,,96,111,4,,80,120,79,95,79,70,5,,5,199,114,90,20
456,Budew,,budew,406,59,,,,,5,8,40,30,35,50,70,55,15,,5,152,171,121,20
457,Roserade,,roserade,407,61,,,,,5,8,60,70,65,125,105,90,6,7,5,152,171,264,20
458,Cranidos,,cranidos,408,,,,,,13,,67,125,40,30,30,58,1,,7,144,,219,30
459,Rampardos,,rampardos,409,,,,,,13,,97,165,60,65,50,58,1,,7,144,,219,30
460,Shieldon,,shieldon,410,,,,,,13,17,30,42,118,42,88,30,1,,7,249,,233,30
461,Bastiodon,,bastiodon,411,,,,,,13,17,60,52,168,47,138,30,1,,7,249,,233,30
462,Burmy,Plant Cloak,burmy-plant,412,,,,,,12,,40,29,45,29,45,36,3,,5,218,,160,15
463,Burmy,Sandy Cloak,burmy-sandy,412,,,,,,12,,40,29,45,29,45,36,3,,5,218,,160,15
464,Burmy,Trash Cloak,burmy-trash,412,,,,,,12,,40,29,45,29,45,36,3,,5,218,,160,15
465,Wormadam,Plant Cloak,wormadam-plant,413,,,,,,12,5,60,59,85,79,105,36,3,,2,8,,160,15
466,Wormadam,Sandy Cloak,wormadam-sandy,413,,,,,,12,9,60,79,105,59,85,36,3,,2,8,,160,15
467,Wormadam,Trash Cloak,wormadam-trash,413,,,,,,12,17,60,69,95,69,95,36,3,,2,8,,160,15
468,Mothim,,mothim,414,,,,,,12,10,70,94,50,94,50,66,3,,8,255,,269,15
469,Combee,,combee,415,116,203,,38,,12,10,30,30,42,30,42,70,3,,7,96,,100,15
470,Vespiquen,,vespiquen,416,117,204,,39,,12,10,70,80,102,80,102,40,3,,2,177,,282,15
471,Pachirisu,,pachirisu,417,,,,201,63,4,,60,45,70,45,90,95,6,5,5,203,167,287,10
472,Buizel,,buizel,418,,,,51,,3,,55,65,35,60,30,85,5,2,5,257,,292,20
473,Floatzel,,floatzel,419,,,,52,,3,,85,105,55,85,50,115,5,2,5,257,,292,20
474,Cherubi,,cherubi,420,128,,,,,5,,45,35,45,62,53,35,6,7,5,27,,,20
475,Cherrim,,cherrim,421,129,,,,,5,,70,60,70,87,78,85,6,7,5,70,,,20
476,Shellos,,shellos,422,230,,,327,,3,,76,48,48,57,62,34,11,2,5,246,247,204,20
477,Gastrodon,,gastrodon,423,231,,,328,,3,9,111,83,68,92,82,39,11,2,5,246,247,204,20
478,Ambipom,,ambipom,424,,,,,48,1,,75,100,66,60,66,115,5,,5,264,167,224,20
479,Drifloon,,drifloon,425,124,135,,143,,14,10,90,50,34,60,44,70,11,,5,3,281,68,30
480,Drifblim,,drifblim,426,125,136,,144,,14,10,150,80,44,90,54,80,11,,5,3,281,68,30
481,Buneary,,buneary,427,,4,,,,1,,55,66,44,44,56,85,5,8,5,203,120,126,20
482,Lopunny,,lopunny,428,,5,,,,1,,65,76,84,54,96,105,5,8,5,42,120,126,20
483,Mismagius,,mismagius,429,,,,115,,14,,60,60,60,105,105,105,11,,5,122,,,25
484,Honchkrow,,honchkrow,430,,,,233,,16,10,100,125,52,105,52,71,4,,5,113,251,147,20
485,Glameow,,glameow,431,,,,,,1,,49,55,42,42,37,85,5,,4,126,162,119,20
486,Purugly,,purugly,432,,,,,,1,,71,82,64,64,59,112,5,,4,268,162,49,20
487,Chingling,,chingling,433,,,,,142,11,,45,30,50,65,50,45,15,,5,122,,,25
488,Stunky,,stunky,434,130,,,226,,8,16,63,63,47,41,41,74,5,,5,245,3,119,20
489,Skuntank,,skuntank,435,131,,,227,,8,16,103,93,67,71,61,84,5,,5,245,3,119,20
490,Bronzor,,bronzor,436,118,,87,153,154,17,11,57,24,86,24,86,23,10,,1,122,94,95,20
491,Bronzong,,bronzong,437,119,,88,154,155,17,11,67,89,116,79,116,33,10,,1,122,94,95,20
492,Bonsly,,bonsly,438,252,,,87,83,13,,50,80,95,10,45,10,15,,5,249,200,193,20
493,Mime Jr.,,mime-jr,439,364,,10,,,11,18,20,25,45,70,90,60,15,,5,233,66,264,25
494,Happiny,,happiny,440,,6,,43,,1,,100,5,5,15,65,30,15,,2,152,214,75,40
495,Chatot,,chatot,441,,,,,,1,10,76,65,45,92,42,91,4,,5,119,262,22,20
496,Spiritomb,,spiritomb,442,,,47,302,,14,16,50,92,108,92,108,35,11,,5,177,,110,30
497,Gible,,gible,443,,,116,126,164,15,9,58,70,45,40,45,42,14,1,5,208,,202,40
498,Gabite,,gabite,444,,,117,127,165,15,9,68,90,65,50,55,82,14,1,5,208,,202,40
499,Garchomp,,garchomp,445,,,118,128,166,15,9,108,130,95,80,85,102,14,1,5,208,,202,40
500,Munchlax,,munchlax,446,260,,172,,102,1,,135,85,40,40,85,5,15,,7,167,268,81,40
501,Riolu,,riolu,447,298,,134,163,64,7,,40,70,40,35,40,60,15,,7,241,112,176,25
502,Lucario,,lucario,448,299,,135,164,65,7,17,70,110,70,115,70,90,5,8,7,241,112,118,25
503,Hippopotas,,hippopotas,449,314,,,265,,9,,68,72,78,38,42,32,5,,5,207,,204,30
504,Hippowdon,,hippowdon,450,315,,,266,,9,,108,112,118,68,72,47,5,,5,207,,204,30
505,Skorupi,,skorupi,451,285,50,,,,8,12,40,50,90,30,55,65,3,9,5,17,227,119,20
506,Drapion,,drapion,452,286,51,,,,8,16,70,90,110,60,75,95,3,9,5,17,227,119,20
507,Croagunk,,croagunk,453,222,82,,175,,8,7,48,61,40,61,40,50,8,,5,8,57,172,10
508,Toxicroak,,toxicroak,454,223,83,,176,,8,7,83,106,65,86,65,85,8,,5,8,57,172,20
509,Carnivine,,carnivine,455,,,,,,5,,74,100,72,90,72,46,7,,5,122,,,25
510,Finneon,,finneon,456,,,,333,,3,,49,49,56,49,61,66,12,,5,257,247,292,20
511,Lumineon,,lumineon,457,,,,334,,3,,69,69,76,69,86,91,12,,5,257,247,292,20
512,Mantyke,,mantyke,458,354,46,,,,3,10,45,20,50,60,120,50,15,,5,257,289,292,25
513,Snover,,snover,459,96,,31,352,,5,6,60,62,50,62,60,40,7,1,5,229,,233,20
514,Abomasnow,,abomasnow,460,97,,32,353,,5,6,90,92,75,92,85,60,7,1,5,229,,233,20
515,Weavile,,weavile,461,293,,29,231,171,16,6,70,120,65,45,85,125,5,,5,177,,166,20
516,Magnezone,,magnezone,462,,107,,211,,4,17,70,70,115,130,90,60,10,,1,135,249,5,20
517,Lickilicky,,lickilicky,463,,55,,,,1,,110,85,95,80,95,50,1,,5,162,157,29,20
518,Rhyperior,,rhyperior,464,266,185,,,,9,13,115,140,130,55,55,40,5,1,5,125,231,195,20
519,Tangrowth,,tangrowth,465,,81,,,,5,,100,100,125,110,50,50,7,,5,27,121,197,20
520,Electivire,,electivire,466,,,17,,,4,,75,123,67,95,85,95,8,,6,146,,286,25
521,Magmortar,,magmortar,467,,,20,,,2,,75,95,67,125,95,83,8,,6,67,,286,25
522,Togekiss,,togekiss,468,259,,,,,18,10,85,50,95,120,115,80,6,4,7,100,214,251,10
523,Yanmega,,yanmega,469,,,,,4,12,10,86,76,86,116,56,95,3,,5,234,269,76,20
524,Leafeon,,leafeon,470,202,,81,185,,5,,65,110,130,60,65,95,5,,7,121,,27,35
525,Glaceon,,glaceon,471,203,,80,186,,6,,65,60,110,130,95,65,5,,7,228,,103,35
526,Gliscor,,gliscor,472,,,,,122,9,10,75,95,125,45,75,95,3,,5,102,208,170,20
527,Mamoswine,,mamoswine,473,77,,9,,52,6,9,110,130,80,70,60,80,5,,5,157,228,268,20
528,Porygon-Z,,porygon-z,474,,210,,,,1,,85,80,70,135,75,90,10,,1,1,53,5,20
529,Gallade,,gallade,475,123,37,,65,60,11,7,68,125,65,65,115,80,11,8,8,241,217,118,20
530,Probopass,,probopass,476,,,,,108,13,17,60,55,145,75,150,40,10,,5,249,135,204,20
531,Dusknoir,,dusknoir,477,137,,,,141,14,,45,100,135,65,135,45,11,,5,177,,76,25
532,Froslass,,froslass,478,81,,27,359,174,6,14,70,80,70,80,70,110,6,10,2,228,,41,20
533,Rotom,,rotom,479,372,,,310,,4,14,50,50,77,95,77,91,11,,1,122,,,20
534,Rotom,Heat Rotom,rotom-heat,479,372,,,310,,4,2,50,65,107,105,107,86,11,,1,122,,,20
535,Rotom,Wash Rotom,rotom-wash,479,372,,,310,,4,3,50,65,107,105,107,86,11,,1,122,,,20
536,Rotom,Frost Rotom,rotom-frost,479,372,,,310,,4,6,50,65,107,105,107,86,11,,1,122,,,20
537,Rotom,Fan Rotom,rotom-fan,479,372,,,310,,4,10,50,65,107,105,107,86,11,,1,122,,,20
538,Rotom,Mow Rotom,rotom-mow,479,372,,,310,,4,5,50,65,107,105,107,86,11,,1,122,,,20
539,Uxie,,uxie,480,,,,,,11,,75,75,130,75,130,95,15,,1,122,,,80
540,Mesprit,,mesprit,481,,,,,,11,,80,105,105,105,105,80,15,,1,122,,,80
541,Azelf,,azelf,482,,,,,,11,,75,125,70,125,70,115,15,,1,122,,,80
542,Dialga,,dialga,483,,,,,,17,15,100,120,120,150,100,90,15,,1,177,,265,120
543,Dialga,Origin Forme,dialga-origin,483,,,,,,17,15,100,100,120,150,120,90,15,,1,177,,265,120
544,Palkia,,palkia,484,,,,,,3,15,90,120,100,150,120,100,15,,1,177,,265,120
545,Palkia,Origin Forme,palkia-origin,484,,,,,,3,15,90,100,100,150,120,120,15,,1,177,,265,120
546,Heatran,,heatran,485,,,,,,2,17,91,90,106,130,106,77,15,,5,69,,67,10
547,Regigigas,,regigigas,486,,,,,,1,,110,160,110,80,110,100,15,,1,225,,,120
548,Giratina,Altered Forme,giratina-altered,487,,,,,,14,15,150,100,120,100,120,90,15,,1,177,,265,120
549,Giratina,Origin Forme,giratina-origin,487,,,,,,14,15,150,120,100,120,100,90,15,,1,122,,,120
550,Cresselia,,cresselia,488,,,,,,11,,120,70,110,75,120,85,15,,2,122,,,120
551,Phione,,phione,489,,,,,,3,,80,80,80,80,80,80,6,2,1,101,,,40
552,Manaphy,,manaphy,490,,,,,,3,,100,100,100,100,100,100,6,2,1,101,,,10
553,Darkrai,,darkrai,491,,,,,,16,,70,90,90,135,90,125,15,,1,14,,,120
554,Shaymin,Land Forme,shaymin-land,492,,,,,,5,,100,100,100,100,100,100,15,,1,152,,,120
555,Shaymin,Sky Forme,shaymin-sky,492,,,,,,5,10,100,103,75,120,75,127,15,,1,214,,,120
556,Arceus,,arceus,493,,,,,,1,,120,120,120,120,120,120,15,,1,149,,,120
557,Victini,,victini,494,,,,,,11,2,100,100,100,100,100,100,15,,1,285,,,120
558,Snivy,,snivy,495,,,,,,5,,45,45,55,45,55,63,5,7,7,161,,35,20
559,Servine,,servine,496,,,,,,5,,60,60,75,60,75,83,5,7,7,161,,35,20
560,Serperior,,serperior,497,,,,,,5,,75,75,95,75,95,113,5,7,7,161,,35,20
561,Tepig,,tepig,498,,,,,,2,,65,63,45,45,45,45,5,,7,23,,268,20
562,Pignite,,pignite,499,,,,,,2,7,90,93,55,70,55,55,5,,7,23,,268,20
563,Emboar,,emboar,500,,,,,,2,7,110,123,65,100,65,65,5,,7,23,,195,20
564,Oshawott,,oshawott,501,,,,,,3,,55,55,45,63,45,45,5,,7,270,,220,20
565,Dewott,,dewott,502,,,,,,3,,75,75,60,83,60,60,5,,7,270,,220,20
566,Samurott,,samurott,503,,,,,,3,,95,100,85,108,70,70,5,,7,270,,220,20
567,Samurott,Hisuian Samurott,samurott-hisui,503,,,,,,3,16,90,108,80,100,65,85,5,,7,270,,217,20
568,Patrat,,patrat,504,,,,,,1,,45,55,39,35,39,42,5,,5,203,119,5,15
569,Watchog,,watchog,505,,,,,,1,,60,85,69,60,69,77,5,,5,106,119,5,20
570,Lillipup,,lillipup,506,,113,,,,1,,45,60,45,25,45,55,5,,5,286,167,203,15
571,Herdier,,herdier,507,,114,,,,1,,65,80,65,35,65,60,5,,5,114,205,211,15
572,Stoutland,,stoutland,508,,115,,,,1,,85,110,90,45,90,80,5,,5,114,205,211,15
573,Purrloin,,purrloin,509,44,,,,,16,,41,50,37,50,37,66,5,,5,126,281,176,20
574,Liepard,,liepard,510,45,,,,,16,,64,88,50,88,50,106,5,,5,126,281,176,20
575,Pansage,,pansage,511,,,,,,5,,50,53,48,53,48,64,5,,7,81,,161,20
576,Simisage,,simisage,512,,,,,,5,,75,98,63,98,63,101,5,,7,81,,161,20
577,Pansear,,pansear,513,,,,,,2,,50,53,48,53,48,64,5,,7,81,,23,20
578,Simisear,,simisear,514,,,,,,2,,75,98,63,98,63,101,5,,7,81,,23,20
579,Panpour,,panpour,515,,,,,,3,,50,53,48,53,48,64,5,,7,81,,270,20
580,Simipour,,simipour,516,,,,,,3,,75,98,63,98,63,101,5,,7,81,,270,20
581,Munna,,munna,517,90,,,,,11,,76,25,45,67,55,24,5,,5,74,260,265,10
582,Musharna,,musharna,518,91,,,,,11,,116,55,85,107,95,29,5,,5,74,260,265,10
583,Pidove,,pidove,519,26,,,,,1,10,50,55,50,36,30,43,4,,5,22,251,199,15
584,Tranquill,,tranquill,520,27,,,,,1,10,62,77,62,50,42,65,4,,5,22,251,199,15
585,Unfezant,,unfezant,521,28,,,,,1,10,80,115,80,65,55,93,4,,5,22,251,199,15
586,Blitzle,,blitzle,522,,,,,,4,,45,60,32,50,32,76,5,,5,125,146,209,20
587,Zebstrika,,zebstrika,523,,,,,,4,,75,100,63,80,63,116,5,,5,125,146,209,20
588,Roggenrola,,roggenrola,524,168,154,,,,13,,55,75,85,25,25,15,10,,5,249,293,204,15
589,Boldore,,boldore,525,169,155,,,,13,,70,105,105,50,40,20,10,,5,249,293,204,15
590,Gigalith,,gigalith,526,170,156,,,,13,,85,135,130,60,80,25,10,,5,249,207,204,15
591,Woobat,,woobat,527,174,151,,,,11,10,65,45,43,55,43,72,5,4,5,280,120,223,15
592,Swoobat,,swoobat,528,175,152,,,,11,10,67,57,55,77,55,114,5,4,5,280,120,223,15
593,Drilbur,,drilbur,529,166,,,,,9,,60,85,40,30,45,68,5,,5,205,204,144,20
594,Excadrill,,excadrill,530,167,,,,,9,17,110,135,60,50,65,88,5,,5,205,204,144,20
595,Audino,,audino,531,,,21,,,1,,103,60,86,60,86,50,6,,5,93,197,120,20
596,Timburr,,timburr,532,171,,57,,85,7,,75,80,55,25,35,35,8,,6,90,219,117,20
597,Gurdurr,,gurdurr,533,172,,58,,86,7,,85,105,85,40,50,40,8,,6,90,219,117,20
598,Conkeldurr,,conkeldurr,534,173,,59,,87,7,,105,140,95,55,65,45,8,,6,90,219,117,20
599,Tympole,,tympole,535,132,,,,,3,,50,50,40,50,40,64,2,,5,257,101,289,20
600,Palpitoad,,palpitoad,536,133,,,,,3,9,75,65,55,65,55,69,2,,5,257,101,289,20
601,Seismitoad,,seismitoad,537,134,,,,,3,9,105,95,75,85,75,74,2,,5,257,172,289,20
602,Throh,,throh,538,248,,,,,7,,120,100,85,30,85,45,8,,8,90,112,144,20
603,Sawk,,sawk,539,249,,,,,7,,75,125,75,30,75,85,8,,8,249,112,144,20
604,Sewaddle,,sewaddle,540,,,,,13,12,5,45,53,70,40,60,42,3,,5,255,27,160,15
605,Swadloon,,swadloon,541,,,,,14,12,5,55,63,90,50,80,42,3,,5,121,27,160,15
606,Leavanny,,leavanny,542,,,,,15,12,5,75,103,80,70,80,92,3,,5,255,27,160,15
607,Venipede,,venipede,543,,74,,,,12,8,30,45,59,30,39,57,3,,5,171,255,234,15
608,Whirlipede,,whirlipede,544,,75,,,,12,8,40,55,99,40,79,47,3,,5,171,255,234,15
609,Scolipede,,scolipede,545,,76,,,,12,8,60,100,89,55,69,112,3,,5,171,255,234,20
610,Cottonee,,cottonee,546,262,,168,,,5,18,40,27,60,37,50,66,6,7,5,176,110,27,20
611,Whimsicott,,whimsicott,547,263,,169,,,5,18,60,67,85,77,75,116,6,7,5,176,110,27,20
612,Petilil,,petilil,548,,201,,104,66,5,,45,35,50,70,50,30,7,,2,27,162,121,20
613,Lilligant,,lilligant,549,,202,,105,67,5,,70,60,75,110,75,90,7,,2,27,162,121,20
614,Lilligant,Hisuian Lilligant,lilligant-hisui,549,,202,,105,67,5,7,70,105,75,50,75,105,7,,2,27,100,121,20
615,Basculin,Red-Striped Form,basculin-red,550,154,,64,138,194,3,,70,92,65,80,55,98,12,,5,195,1,144,40
616,Basculin,Blue-Striped Form,basculin-blue,550,154,,64,138,194,3,,70,92,65,80,55,98,12,,5,200,1,144,40
617,Basculin,White-Striped Form,basculin-white,550,154,,64,138,194,3,,70,92,65,80,55,98,12,,5,193,1,144,40
618,Sandile,,sandile,551,,176,,267,,9,16,50,72,35,35,35,65,5,,5,114,147,6,20
619,Krokorok,,krokorok,552,,177,,268,,9,16,60,82,45,45,45,74,5,,5,114,147,6,20
620,Krookodile,,krookodile,553,,178,,269,,9,16,95,117,80,65,70,92,5,,5,114,147,6,20
621,Darumaka,,darumaka,554,367,,103,,,2,,70,90,45,15,45,50,5,,5,100,,112,20
622,Darumaka,Galarian Darumaka,darumaka-galar,554,367,,103,,,6,,70,90,45,15,45,50,5,,5,100,,112,20
623,Darmanitan,Standard Mode,darmanitan,555,368,,104,,,2,,105,140,55,30,55,95,5,,5,219,,301,20
624,Darmanitan,Zen Mode,darmanitan-zen,555,368,,104,,,2,11,105,30,105,140,105,55,5,,5,219,,301,20
625,Darmanitan,Galarian Standard Mode,darmanitan-galar,555,368,,104,,,6,,105,140,55,30,55,95,5,,5,84,,301,20
626,Darmanitan,Galarian Zen Mode,darmanitan-galar-zen,555,368,,104,,,6,2,105,160,55,30,55,135,5,,5,84,,301,20
627,Maractus,,maractus,556,296,,,,,5,,75,86,67,106,67,60,7,,5,289,27,247,20
628,Dwebble,,dwebble,557,86,122,,,,12,13,50,65,85,35,35,55,3,10,5,249,220,293,20
629,Crustle,,crustle,558,87,123,,,,12,13,70,105,125,65,75,45,3,10,5,249,220,293,20
630,Scraggy,,scraggy,559,224,161,,,,16,7,50,75,70,35,70,48,14,5,5,218,147,114,15
631,Scrafty,,scrafty,560,225,162,,,,16,7,65,90,115,45,115,58,14,5,5,218,147,114,15
632,Sigilyph,,sigilyph,561,297,,,,,11,10,72,58,80,103,80,97,4,,5,300,132,269,20
633,Yamask,,yamask,562,327,,,,,14,,38,30,85,55,65,30,11,10,5,150,,,25
634,Yamask,Galarian Yamask,yamask-galar,562,327,,,,,9,14,38,55,85,30,65,30,11,10,5,288,,,25
635,Cofagrigus,,cofagrigus,563,329,,,,,14,,58,50,145,95,105,30,11,10,5,150,,,25
636,Tirtouga,,tirtouga,564,,,147,,,3,13,54,78,103,53,45,22,2,9,7,231,249,257,30
637,Carracosta,,carracosta,565,,,148,,,3,13,74,108,133,83,65,32,2,9,7,231,249,257,30
638,Archen,,archen,566,,,149,,,13,10,55,112,45,74,45,70,4,9,7,48,,,30
639,Archeops,,archeops,567,,,150,,,13,10,75,140,65,112,65,110,4,9,7,48,,,30
640,Trubbish,,trubbish,568,157,,,,,8,,50,50,62,40,62,65,10,,5,245,246,3,20
641,Garbodor,,garbodor,569,158,,,,,8,,80,95,82,60,82,75,10,,5,245,293,3,20
642,Zorua,,zorua,570,,87,,228,,16,,40,65,40,80,40,65,5,,7,107,,,25
643,Zorua,Hisuian Zorua,zorua-hisui,570,,87,,228,,1,14,35,60,40,85,40,70,5,,7,107,,,25
644,Zoroark,,zoroark,571,,88,,229,,16,,60,105,60,120,60,105,5,,7,107,,,20
645,Zoroark,Hisuian Zoroark,zoroark-hisui,571,,88,,229,,1,14,55,100,60,125,60,110,5,,7,107,,,20
646,Minccino,,minccino,572,50,,,,,1,,55,50,40,40,40,75,5,,4,42,264,224,15
647,Cinccino,,cinccino,573,51,,,,,1,,75,95,60,65,60,115,5,,4,42,264,224,15
648,Gothita,,gothita,574,267,,51,234,,11,,45,30,50,55,65,45,8,,4,76,33,216,20
649,Gothorita,,gothorita,575,268,,52,235,,11,,60,45,70,75,85,55,8,,4,76,33,216,20
650,Gothitelle,,gothitelle,576,269,,53,236,,11,,70,55,95,95,110,65,8,,4,76,33,216,20
651,Solosis,,solosis,577,270,,54,,,11,,45,30,40,105,50,20,11,,5,160,132,197,20
652,Duosion,,duosion,578,271,,55,,,11,,65,40,50,125,60,30,11,,5,160,132,197,20
653,Reuniclus,,reuniclus,579,272,,56,,,11,,110,65,75,125,85,30,11,,5,160,132,197,20
654,Ducklett,,ducklett,580,,,,,181,3,10,62,44,50,44,50,55,4,2,5,119,22,101,20
655,Swanna,,swanna,581,,,,,182,3,10,75,87,63,87,63,98,4,2,5,119,22,101,20
656,Vanillite,,vanillite,582,72,,22,,,6,,36,50,50,65,60,44,10,,5,103,228,293,20
657,Vanillish,,vanillish,583,73,,23,,,6,,51,65,65,80,75,59,10,,5,103,228,293,20
658,Vanilluxe,,vanilluxe,584,74,,24,,,6,,71,95,85,110,95,79,10,,5,103,229,293,20
659,Deerling,,deerling,585,,,,190,,1,5,60,60,50,40,50,75,5,,5,27,209,214,20
660,Sawsbuck,,sawsbuck,586,,,,191,,1,5,80,100,70,60,70,95,5,,5,27,209,214,20
661,Emolga,,emolga,587,,102,,,,4,10,55,75,60,75,60,103,5,,5,240,,146,20
662,Karrablast,,karrablast,588,273,66,95,,,12,,50,75,45,40,45,60,3,,5,255,218,155,15
663,Escavalier,,escavalier,589,274,67,96,,,12,17,70,135,105,60,105,20,3,,5,255,220,160,15
664,Foongus,,foongus,590,,77,,205,,5,8,69,55,45,55,55,15,7,,5,60,,197,20
665,Amoonguss,,amoonguss,591,,78,,206,,5,8,114,85,70,85,80,30,7,,5,60,,197,20
666,Frillish,,frillish,592,305,192,,,,3,14,55,40,50,65,85,40,11,,5,289,41,43,20
667,Jellicent,,jellicent,593,306,193,,,,3,14,100,60,70,85,105,60,11,,5,289,41,43,20
668,Alomomola,,alomomola,594,,,,336,,3,,165,75,80,40,45,65,2,12,5,93,101,197,40
669,Joltik,,joltik,595,64,,93,,,12,4,50,47,50,57,50,65,3,,5,34,282,255,20
670,Galvantula,,galvantula,596,65,,94,,,12,4,70,77,60,97,60,108,3,,5,34,282,255,20
671,Ferroseed,,ferroseed,597,189,,179,,,5,17,44,50,91,24,86,10,7,10,5,116,,,20
672,Ferrothorn,,ferrothorn,598,190,,180,,,5,17,74,94,131,54,116,20,7,10,5,116,,8,20
673,Klink,,klink,599,113,,,,,17,,40,55,70,45,60,30,10,,1,169,141,28,20
674,Klang,,klang,600,114,,,,,17,,60,80,95,70,85,50,10,,1,169,141,28,20
675,Klinklang,,klinklang,601,115,,,,,17,,60,100,115,70,85,90,10,,1,169,141,28,20
676,Tynamo,,tynamo,602,,,,341,175,4,,35,55,40,45,40,60,11,,5,122,,,20
677,Eelektrik,,eelektrik,603,,,,342,176,4,,65,85,70,75,70,40,11,,5,122,,,20
678,Eelektross,,eelektross,604,,,,343,177,4,,85,115,80,105,80,50,11,,5,122,,,20
679,Elgyem,,elgyem,605,277,,,,,11,,55,55,55,85,55,30,8,,5,265,260,5,20
680,Beheeyem,,beheeyem,606,278,,,,,11,,75,75,75,125,95,40,8,,5,265,260,5,20
681,Litwick,,litwick,607,287,,48,,146,14,2,50,30,55,65,55,20,11,,5,69,67,110,20
682,Lampent,,lampent,608,288,,49,,147,14,2,60,40,60,95,60,55,11,,5,69,67,110,20
683,Chandelure,,chandelure,609,289,,50,,148,14,2,60,55,90,145,90,80,11,,5,69,67,110,20
684,Axew,,axew,610,324,,,155,,15,,46,87,60,30,40,57,14,1,5,199,144,282,40
685,Fraxure,,fraxure,611,325,,,156,,15,,66,117,70,40,50,67,14,1,5,199,144,282,40
686,Haxorus,,haxorus,612,326,,,157,,15,,76,147,90,60,70,97,14,1,5,199,144,282,40
687,Cubchoo,,cubchoo,613,279,,121,355,,6,,55,70,40,60,40,40,5,,5,228,226,193,20
688,Beartic,,beartic,614,280,,122,356,,6,,95,130,80,70,80,50,5,,5,228,226,257,20
689,Cryogonal,,cryogonal,615,,,30,360,,6,,80,50,50,95,135,105,10,,1,122,,,25
690,Shelmet,,shelmet,616,275,64,97,,,12,,50,40,85,40,65,25,3,,5,101,220,160,15
691,Accelgor,,accelgor,617,276,65,98,,,12,,80,70,40,100,60,145,3,,5,101,246,281,15
692,Stunfisk,,stunfisk,618,226,,,,,9,4,109,66,84,81,99,32,11,2,5,240,126,208,20
693,Stunfisk,Galarian Stunfisk,stunfisk-galar,618,226,,,,,9,17,109,81,99,66,84,32,11,2,5,139,,,20
694,Mienfoo,,mienfoo,619,,163,,,137,7,,45,85,50,55,50,65,5,8,5,112,197,195,25
695,Mienshao,,mienshao,620,,164,,,138,7,,65,125,60,95,60,105,5,8,5,112,197,195,25
696,Druddigon,,druddigon,621,,63,119,,,15,,77,120,90,60,90,48,14,1,5,202,219,144,30
697,Golett,,golett,622,88,,153,,,9,14,59,74,50,35,50,35,10,,1,117,120,155,25
698,Golurk,,golurk,623,89,,154,,,9,14,89,124,80,55,80,55,10,,1,117,120,155,25
699,Pawniard,,pawniard,624,246,29,,367,186,16,17,45,85,70,40,40,60,8,,5,49,112,177,20
700,Bisharp,,bisharp,625,247,30,,368,187,16,17,65,125,100,60,70,70,8,,5,49,112,177,20
701,Bouffalant,,bouffalant,626,,53,,,,1,,95,110,95,40,95,55,5,,5,195,209,233,20
702,Rufflet,,rufflet,627,281,179,,365,,1,10,70,83,50,37,50,60,4,,8,119,219,100,20
703,Braviary,,braviary,628,282,180,,366,,1,10,100,123,75,57,75,80,4,,8,119,219,49,20
704,Braviary,Hisuian Braviary,braviary-hisui,628,282,180,,366,,11,10,110,83,70,112,70,65,4,,8,119,219,269,20
705,Vullaby,,vullaby,629,283,181,,,127,16,10,70,55,75,45,65,60,4,,2,22,160,293,20
706,Mandibuzz,,mandibuzz,630,284,182,,,128,16,10,110,65,105,55,95,80,4,,2,22,160,293,20
707,Heatmor,,heatmor,631,317,,102,,,2,,85,97,66,105,66,65,5,,5,81,69,295,20
708,Durant,,durant,632,316,,101,,,12,17,58,109,112,48,48,109,3,,5,255,100,278,20
709,Deino,,deino,633,386,,136,370,,16,15,52,65,50,45,50,38,14,,5,100,,,40
710,Zweilous,,zweilous,634,387,,137,371,,16,15,72,85,70,65,70,58,14,,5,100,,,40
711,Hydreigon,,hydreigon,635,388,,138,372,,16,15,92,105,90,125,90,98,14,,5,122,,,40
712,Larvesta,,larvesta,636,,186,,274,,12,2,55,85,55,50,55,60,3,,5,67,,255,40
713,Volcarona,,volcarona,637,,187,,275,,12,2,85,60,65,135,105,100,3,,5,67,,255,40
714,Cobalion,,cobalion,638,,,205,,,17,7,91,90,129,90,72,108,15,,1,118,,,80
715,Terrakion,,terrakion,639,,,206,,,13,7,91,129,90,72,90,108,15,,1,118,,,80
716,Virizion,,virizion,640,,,207,,,5,7,91,90,72,90,129,108,15,,1,118,,,80
717,Tornadus,Incarnate Forme,tornadus-incarnate,641,,,,,,10,,79,115,70,125,80,111,15,,8,176,,49,120
718,Tornadus,Therian Forme,tornadus-therian,641,,,,,,10,,79,100,80,110,90,121,15,,8,197,,,120
719,Thundurus,Incarnate Forme,thundurus-incarnate,642,,,,,,4,10,79,115,70,125,80,111,15,,8,176,,49,120
720,Thundurus,Therian Forme,thundurus-therian,642,,,,,,4,10,79,105,70,145,80,101,15,,8,287,,,120
721,Reshiram,,reshiram,643,,,,,,15,2,100,120,100,150,120,90,15,,1,279,,,120
722,Zekrom,,zekrom,644,,,,,,15,4,100,150,120,120,100,90,15,,1,266,,,120
723,Landorus,Incarnate Forme,landorus-incarnate,645,,,,,,9,10,89,125,90,115,80,101,15,,8,204,,219,120
724,Landorus,Therian Forme,landorus-therian,645,,,,,,9,10,89,145,90,105,80,91,15,,8,114,,,120
725,Kyurem,,kyurem,646,,,,,,15,6,125,130,90,130,90,95,15,,1,177,,,120
726,Kyurem,White Kyurem,kyurem-white,646,,,,,,15,6,125,120,90,170,100,95,15,,1,279,,,120
727,Kyurem,Black Kyurem,kyurem-black,646,,,,,,15,6,125,170,100,120,90,95,15,,1,266,,,120
728,Keldeo,Ordinary Form,keldeo-ordinary,647,,,,,,3,7,91,72,90,129,90,108,15,,1,118,,,80
729,Keldeo,Resolute Form,keldeo-resolute,647,,,,,,3,7,91,72,90,129,90,108,15,,1,118,,,80
730,Meloetta,Aria Forme,meloetta-aria,648,,,,,,1,11,100,77,77,128,128,90,15,,1,214,,,120
731,Meloetta,Pirouette Forme,meloetta-pirouette,648,,,,,,1,7,100,128,90,77,77,128,15,,1,214,,,120
732,Genesect,,genesect,649,,,,,,12,17,71,120,95,120,95,99,15,,1,53,,,120
733,Chespin,,chespin,650,,,,,,5,,56,61,65,48,45,38,5,,7,161,,24,20
734,Quilladin,,quilladin,651,,,,,,5,,61,78,95,56,58,57,5,,7,161,,24,20
735,Chesnaught,,chesnaught,652,,,,,,5,7,88,107,122,74,75,64,5,,7,161,,24,20
736,Fennekin,,fennekin,653,,,,,,2,,40,45,40,62,60,60,5,,7,23,,133,20
737,Braixen,,braixen,654,,,,,,2,,59,59,58,90,70,73,5,,7,23,,133,20
738,Delphox,,delphox,655,,,,,,2,11,75,69,72,114,100,104,5,,7,23,,133,20
739,Froakie,,froakie,656,,,,,,3,,41,56,40,62,44,71,2,,7,270,,181,20
740,Frogadier,,frogadier,657,,,,,,3,,54,63,52,83,56,97,2,,7,270,,181,20
741,Greninja,,greninja,658,,,,,,3,16,72,95,67,103,71,122,2,,7,270,,181,20
742,Bunnelby,,bunnelby,659,48,,,,,1,,38,36,38,32,36,57,5,,5,167,25,98,15
743,Diggersby,,diggersby,660,49,,,,,1,9,85,56,77,50,77,78,5,,5,167,25,98,15
744,Fletchling,,fletchling,661,,22,,19,,1,10,45,50,43,40,38,62,4,,5,22,,79,15
745,Fletchinder,,fletchinder,662,,23,,20,,2,10,62,73,55,56,52,84,4,,5,67,,79,15
746,Talonflame,,talonflame,663,,24,,21,,2,10,78,81,71,74,69,126,4,,5,67,,79,15
747,Scatterbug,,scatterbug,664,,,,35,,12,,38,35,40,27,25,35,3,,5,221,34,75,15
748,Spewpa,,spewpa,665,,,,36,,12,,45,22,60,27,30,29,3,,5,218,,75,15
749,Vivillon,,vivillon,666,,,,37,,12,10,80,52,50,90,50,89,3,,5,221,34,75,15
750,Litleo,,litleo,667,,,,224,,2,1,62,50,58,73,54,72,5,,3,199,282,147,20
751,Pyroar,,pyroar,668,,,,225,,2,1,86,68,72,109,66,106,5,,3,199,282,147,20
752,Flabébé,,flabebe,669,,,,145,,18,,44,38,39,61,79,42,6,,2,71,,259,20
753,Floette,,floette,670,,,,146,,18,,54,45,47,75,98,52,6,,2,71,,259,20
754,Florges,,florges,671,,,,147,,18,,78,65,68,112,154,75,6,,2,71,,259,20
755,Skiddo,,skiddo,672,,,,221,,5,,66,65,48,62,57,52,5,,5,209,,85,20
756,Gogoat,,gogoat,673,,,,222,,5,,123,100,62,97,81,68,5,,5,209,,85,20
757,Pancham,,pancham,674,111,,,,,7,,67,82,62,46,48,43,5,8,5,117,144,211,25
758,Pangoro,,pangoro,675,112,,,,,7,16,95,124,78,69,71,58,5,8,5,117,144,211,25
759,Furfrou,,furfrou,676,,,,,,1,,75,80,60,65,90,102,5,,5,78,,,20
760,Espurr,,espurr,677,208,,,,,11,,62,48,54,63,60,68,5,,5,119,110,162,20
761,Meowstic,Male,meowstic-male,678,209,,,,,11,,74,48,76,83,81,104,5,,8,119,110,176,20
762,Meowstic,Female,meowstic-female,678,209,,,,,11,,74,48,76,83,81,104,5,,8,119,110,33,20
763,Honedge,,honedge,679,330,,,,,17,14,45,80,100,35,37,28,10,,5,155,,,20
764,Doublade,,doublade,680,331,,,,,17,14,59,110,150,45,49,35,10,,5,155,,,20
765,Aegislash,Shield Forme,aegislash-shield,681,332,,,,,17,14,60,50,140,50,140,60,10,,5,239,,,20
766,Aegislash,Blade Forme,aegislash-blade,681,332,,,,,17,14,60,140,50,140,50,60,10,,5,239,,,20
767,Spritzee,,spritzee,682,212,,,,,18,,78,52,60,63,65,23,6,,5,93,,11,20
768,Aromatisse,,aromatisse,683,213,,,,,18,,101,72,72,99,89,29,6,,5,93,,11,20
769,Swirlix,,swirlix,684,210,,,,,18,,62,48,66,59,57,49,6,,5,256,,281,20
770,Slurpuff,,slurpuff,685,211,,,,,18,,82,80,86,85,75,72,6,,5,256,,281,20
771,Inkay,,inkay,686,290,108,,,,16,11,53,54,53,37,46,45,2,12,5,35,250,110,20
772,Malamar,,malamar,687,291,109,,,,16,11,86,92,88,68,75,73,2,12,5,35,250,110,20
773,Binacle,,binacle,688,234,,,,,13,3,42,52,67,39,56,50,9,,5,227,271,166,20
774,Barbaracle,,barbaracle,689,235,,,,,13,3,72,105,115,54,86,68,9,,5,227,271,166,20
775,Skrelp,,skrelp,690,,194,,337,,8,3,50,60,60,60,60,30,14,2,5,171,172,1,20
776,Dragalge,,dragalge,691,,195,,338,,8,15,65,75,90,97,123,44,14,2,5,171,172,1,20
777,Clauncher,,clauncher,692,,196,,339,,3,,50,53,62,58,63,44,2,9,5,137,,,15
778,Clawitzer,,clawitzer,693,,197,,340,,3,,71,73,88,120,89,59,2,9,5,137,,,15
779,Helioptile,,helioptile,694,318,,,,,4,1,44,38,33,61,43,70,14,1,5,57,208,230,20
780,Heliolisk,,heliolisk,695,319,,,,,4,1,62,55,52,109,94,109,14,1,5,57,208,230,20
781,Tyrunt,,tyrunt,696,,,83,,,13,15,58,89,77,45,45,48,14,1,7,248,,249,30
782,Tyrantrum,,tyrantrum,697,,,84,,,13,15,82,121,119,69,59,71,14,1,7,248,,200,30
783,Amaura,,amaura,698,,,85,,,13,6,77,59,50,67,63,46,1,,7,196,,229,30
784,Aurorus,,aurorus,699,,,86,,,13,6,123,77,72,99,92,58,1,,7,196,,229,30
785,Sylveon,,sylveon,700,204,,82,187,,18,,95,65,65,110,130,60,5,,7,42,,168,35
786,Hawlucha,,hawlucha,701,320,,,301,,7,10,78,92,75,74,63,118,4,8,5,126,281,144,20
787,Dedenne,,dedenne,702,,103,,200,,4,18,67,58,57,81,67,101,6,5,5,25,167,169,20
788,Carbink,,carbink,703,,,128,,167,13,18,50,50,150,50,150,50,6,10,1,28,,249,25
789,Goomy,,goomy,704,389,60,,172,178,15,,45,50,35,55,75,40,14,,5,209,101,83,40
790,Sliggoo,,sliggoo,705,390,61,,173,179,15,,68,75,53,83,113,60,14,,5,209,101,83,40
791,Sliggoo,Hisuian Sliggoo,sliggoo-hisui,705,390,61,,173,179,17,15,58,75,83,83,113,40,14,,5,209,220,83,40
792,Goodra,,goodra,706,391,62,,174,180,15,,90,100,70,110,150,80,14,,5,209,101,83,40
793,Goodra,Hisuian Goodra,goodra-hisui,706,391,62,,174,180,17,15,80,100,100,110,150,60,14,,5,209,220,83,40
794,Klefki,,klefki,707,,28,,240,,17,18,57,80,91,80,87,75,10,,5,176,,133,20
795,Phantump,,phantump,708,338,,33,,68,14,5,43,70,48,50,60,38,11,7,5,152,76,92,20
796,Trevenant,,trevenant,709,339,,34,,69,14,5,85,110,76,65,82,56,11,7,5,152,76,92,20
797,Pumpkaboo,Average Size,pumpkaboo-average,710,191,,,,,14,5,49,66,70,44,55,51,11,,5,167,76,113,20
798,Pumpkaboo,Small Size,pumpkaboo-small,710,191,,,,,14,5,44,66,70,44,55,56,11,,5,167,76,113,20
799,Pumpkaboo,Large Size,pumpkaboo-large,710,191,,,,,14,5,54,66,70,44,55,46,11,,5,167,76,113,20
800,Pumpkaboo,Super Size,pumpkaboo-super,710,191,,,,,14,5,59,66,70,44,55,41,11,,5,167,76,113,20
801,Gourgeist,Average Size,gourgeist-average,711,192,,,,,14,5,65,90,122,58,75,84,11,,5,167,76,113,20
802,Gourgeist,Small Size,gourgeist-small,711,192,,,,,14,5,55,85,122,58,75,99,11,,5,167,76,113,20
803,Gourgeist,Large Size,gourgeist-large,711,192,,,,,14,5,75,95,122,58,75,69,11,,5,167,76,113,20
804,Gourgeist,Super Size,gourgeist-super,711,192,,,,,14,5,85,100,122,58,75,54,11,,5,167,76,113,20
805,Bergmite,,bergmite,712,358,,142,363,,6,,55,69,85,32,35,28,10,1,5,162,103,249,20
806,Avalugg,,avalugg,713,359,,143,364,,6,,95,117,184,44,46,28,10,1,5,162,103,249,20
807,Avalugg,Hisuian Avalugg,avalugg-hisui,713,359,,143,364,,6,13,95,127,184,34,36,38,10,1,5,248,103,249,20
808,Noibat,,noibat,714,176,,181,303,88,10,15,40,30,35,45,40,55,14,4,5,76,110,265,20
809,Noivern,,noivern,715,177,,182,304,89,10,15,85,70,80,97,80,123,14,4,5,76,110,265,20
810,Xerneas,,xerneas,716,,,,,,18,,126,131,95,131,98,99,15,,1,65,,,120
811,Yveltal,,yveltal,717,,,,,,16,10,126,131,95,131,98,99,15,,1,45,,,120
812,Zygarde,50% Forme,zygarde-50,718,,,,,,15,9,108,100,121,81,95,95,15,,1,13,173,,120
813,Zygarde,10% Forme,zygarde-10,718,,,,,,15,9,54,100,71,61,85,115,15,,1,13,173,,120
814,Zygarde,Complete Forme,zygarde-complete,718,,,,,,15,9,216,100,121,91,95,85,15,,1,173,,,120
815,Diancie,,diancie,719,,,,,,13,18,50,100,150,100,150,50,15,,1,28,,,25
816,Hoopa,Hoopa Confined,hoopa-confined,720,,,,,,11,14,80,110,60,150,130,70,15,,1,133,,,120
817,Hoopa,Hoopa Unbound,hoopa-unbound,720,,,,,,11,16,80,160,60,170,130,80,15,,1,133,,,120
818,Volcanion,,volcanion,721,,,,,,2,3,80,110,120,130,90,70,15,,1,289,,,120
819,Rowlet,,rowlet,722,,,,,,5,10,68,55,55,50,50,42,4,,7,161,,130,15
820,Dartrix,,dartrix,723,,,,,,5,10,78,75,75,70,70,52,4,,7,161,,130,15
821,Decidueye,,decidueye,724,,,,,,5,14,78,107,75,100,100,70,4,,7,161,,130,15
822,Decidueye,Hisuian Decidueye,decidueye-hisui,724,,,,,,5,7,88,112,80,95,95,60,4,,7,161,,211,15
823,Litten,,litten,725,,,,,,2,,45,65,40,60,40,70,5,,7,23,,114,15
824,Torracat,,torracat,726,,,,,,2,,65,85,50,80,50,90,5,,7,23,,114,15
825,Incineroar,,incineroar,727,,,,,,2,16,95,115,90,80,90,60,5,,7,23,,114,15
826,Popplio,,popplio,728,,,,,,3,,50,54,54,66,56,40,5,2,7,270,,129,15
827,Brionne,,brionne,729,,,,,,3,,60,69,69,91,81,50,5,2,7,270,,129,15
828,Primarina,,primarina,730,,,,,,3,18,80,74,74,126,116,60,5,2,7,270,,129,15
829,Pikipek,,pikipek,731,,,,,,1,10,35,75,30,30,30,65,4,,5,119,224,167,15
830,Trumbeak,,trumbeak,732,,,,,,1,10,55,85,50,40,50,75,4,,5,119,224,167,15
831,Toucannon,,toucannon,733,,,,,,1,10,80,120,75,75,75,60,4,,5,119,224,219,15
832,Yungoos,,yungoos,734,,,,27,,1,,48,70,30,30,30,45,5,,5,248,235,1,15
833,Gumshoos,,gumshoos,735,,,,28,,1,,88,110,60,55,60,45,5,,5,248,235,1,15
834,Grubbin,,grubbin,736,16,,,,112,12,,47,62,45,55,45,46,3,,5,255,,,15
835,Charjabug,,charjabug,737,17,,,,113,12,4,57,82,95,55,75,36,3,,5,16,,,15
836,Vikavolt,,vikavolt,738,18,,,,114,12,4,77,70,90,145,75,43,3,,5,122,,,15
837,Crabrawler,,crabrawler,739,,,,118,,7,,47,82,57,42,47,63,9,,5,102,117,6,20
838,Crabominable,,crabominable,740,,,,119,,7,6,97,132,77,62,67,43,9,,5,102,117,6,20
839,Oricorio,Baile Style,oricorio-baile,741,,,,100,115,2,10,75,70,70,98,70,93,4,,4,44,,,20
840,Oricorio,Pom-Pom Style,oricorio-pom-pom,741,,,,100,115,4,10,75,70,70,98,70,93,4,,4,44,,,20
841,Oricorio,Pa'u Style,oricorio-pau,741,,,,100,115,11,10,75,70,70,98,70,93,4,,4,44,,,20
842,Oricorio,Sensu Style,oricorio-sensu,741,,,,100,115,14,10,75,70,70,98,70,93,4,,4,44,,,20
843,Cutiefly,,cutiefly,742,187,,,,16,12,18,40,45,40,55,40,84,3,6,5,96,221,256,20
844,Ribombee,,ribombee,743,188,,,,17,12,18,60,55,60,95,70,124,3,6,5,96,221,256,20
845,Rockruff,,rockruff,744,,157,,89,70,13,,45,65,40,30,40,60,5,,5,119,286,241,15
846,Rockruff,Own Tempo Rockruff,rockruff-dusk,744,,157,,89,70,13,,45,65,40,30,40,60,5,,5,162,,,15
847,Lycanroc,Midday Form,lycanroc-midday,745,,158,,90,71,13,,75,115,65,55,65,112,5,,5,119,205,241,15
848,Lycanroc,Midnight Form,lycanroc-midnight,745,,158,,90,71,13,,85,115,75,55,75,82,5,,5,119,286,155,15
849,Lycanroc,Dusk Form,lycanroc-dusk,745,,158,,90,71,13,,75,117,65,55,65,110,5,,5,271,,,15
850,Wishiwashi,Solo Form,wishiwashi-solo,746,155,110,,,,3,,45,20,20,25,25,40,12,,5,210,,,15
851,Wishiwashi,School Form,wishiwashi-school,746,155,110,,,,3,,45,140,130,140,135,30,12,,5,210,,,15
852,Mareanie,,mareanie,747,307,127,,344,,8,3,50,53,62,43,52,45,2,,5,138,126,197,20
853,Toxapex,,toxapex,748,308,128,,345,,8,3,50,63,152,53,142,35,2,,5,138,126,197,20
854,Mudbray,,mudbray,749,84,,,272,129,9,,70,100,70,45,55,45,5,,5,162,238,112,20
855,Mudsdale,,mudsdale,750,85,,,273,130,9,,100,125,100,55,85,35,5,,5,162,238,112,20
856,Dewpider,,dewpider,751,214,,91,,,3,12,38,40,52,40,72,27,3,2,5,290,,289,15
857,Araquanid,,araquanid,752,215,,92,,,3,12,68,70,92,50,132,42,3,2,5,290,,289,15
858,Fomantis,,fomantis,753,,17,,247,31,5,,40,55,35,50,35,35,7,,5,121,,35,20
859,Lurantis,,lurantis,754,,18,,248,32,5,,70,105,90,80,90,45,7,,5,121,,35,20
860,Morelull,,morelull,755,340,,,,,5,18,40,35,55,65,75,15,7,,5,106,60,192,20
861,Shiinotic,,shiinotic,756,341,,,,,5,18,60,45,80,90,100,30,7,,5,106,60,192,20
862,Salandit,,salandit,757,244,159,,120,168,8,2,48,44,40,71,40,77,14,1,7,36,,157,20
863,Salazzle,,salazzle,758,245,160,,121,169,8,2,68,64,60,111,60,117,14,1,2,36,,157,20
864,Stufful,,stufful,759,94,,,,,1,7,70,75,50,45,50,50,5,,5,72,120,42,15
865,Bewear,,bewear,760,95,,,,,1,7,120,125,80,55,60,60,5,,5,72,120,282,15
866,Bounsweet,,bounsweet,761,52,,,81,,5,,42,30,38,30,38,32,7,,2,121,157,256,20
867,Steenee,,steenee,762,53,,,82,,5,,52,40,48,40,48,62,7,,2,121,157,256,20
868,Tsareena,,tsareena,763,54,,,83,,5,,72,120,98,50,98,72,7,,2,121,188,256,20
869,Comfey,,comfey,764,,79,,,,18,,51,52,90,82,110,100,7,,4,71,277,152,20
870,Oranguru,,oranguru,765,342,89,,313,,1,11,90,60,80,90,110,60,5,,5,112,265,259,20
871,Passimian,,passimian,766,343,90,,314,,7,,100,120,90,40,60,80,5,,5,194,,49,20
872,Wimpod,,wimpod,767,232,124,,,,12,3,25,35,40,20,30,80,3,9,5,296,,,20
873,Golisopod,,golisopod,768,233,125,,,,12,3,75,125,140,60,90,40,3,9,5,64,,,20
874,Sandygast,,sandygast,769,,133,,322,,14,9,55,55,80,70,45,15,11,,5,291,,208,15
875,Palossand,,palossand,770,,134,,323,,14,9,85,75,110,100,75,35,11,,5,291,,208,15
876,Pyukumuku,,pyukumuku,771,156,,,,,3,,55,60,130,30,130,5,2,,5,111,,280,15
877,Type: Null,,type-null,772,381,,,,,1,,95,95,95,95,95,59,15,,1,17,,,120
878,Silvally,,silvally,773,382,,,,,1,,95,95,95,95,95,95,15,,1,191,,,120
879,Minior,Meteor Form,minior-meteor,774,,,,,,13,10,60,60,100,60,100,60,10,,1,222,,,25
880,Minior,Core Form,minior-core,774,,,,,,13,10,60,100,60,100,60,120,10,,1,222,,,25
881,Komala,,komala,775,,,,315,,1,,65,115,65,75,95,65,5,,5,31,,,20
882,Turtonator,,turtonator,776,347,,,,,2,15,60,78,135,91,85,36,14,1,5,220,,,20
883,Togedemaru,,togedemaru,777,348,,,,,4,17,65,98,63,40,73,96,6,5,5,116,125,249,10
884,Mimikyu,,mimikyu,778,301,,46,239,189,14,18,55,90,80,50,105,96,11,,5,52,,,20
885,Bruxish,,bruxish,779,,,,335,,3,11,68,105,70,70,70,92,12,,5,47,248,300,15
886,Drampa,,drampa,780,346,,,,,1,15,78,60,85,135,91,36,14,1,5,21,209,29,20
887,Dhelmise,,dhelmise,781,360,,162,,,14,5,70,131,100,86,90,40,10,,1,243,,,25
888,Jangmo-o,,jangmo-o,782,392,165,,,131,15,,45,55,65,45,45,45,14,,5,24,233,160,40
889,Hakamo-o,,hakamo-o,783,393,166,,,132,15,7,55,75,90,65,70,65,14,,5,24,233,160,40
890,Kommo-o,,kommo-o,784,394,167,,,133,15,7,75,110,125,100,105,85,14,,5,24,233,160,40
891,Tapu Koko,,tapu-koko,785,,,,,,4,18,70,115,85,95,75,130,15,,1,61,,265,15
892,Tapu Lele,,tapu-lele,786,,,,,,11,18,70,85,75,130,115,95,15,,1,183,,265,15
893,Tapu Bulu,,tapu-bulu,787,,,,,,5,18,70,130,115,85,95,75,15,,1,86,,265,15
894,Tapu Fini,,tapu-fini,788,,,,,,3,18,70,75,115,95,130,85,15,,1,143,,265,15
895,Cosmog,,cosmog,789,,,,,,11,,43,29,31,29,31,37,15,,1,280,,,120
896,Cosmoem,,cosmoem,790,,,,,,11,,43,29,131,29,131,37,15,,1,249,,,120
897,Solgaleo,,solgaleo,791,,,,,,11,17,137,137,107,113,89,97,15,,1,77,,,120
898,Lunala,,lunala,792,,,,,,11,14,137,113,89,137,107,97,15,,1,215,,,120
899,Nihilego,,nihilego,793,,,,,,13,8,109,53,47,127,131,103,15,,1,20,,,120
900,Buzzwole,,buzzwole,794,,,,,,12,7,107,139,139,53,53,79,15,,1,20,,,120
901,Pheromosa,,pheromosa,795,,,,,,12,7,71,137,37,137,37,151,15,,1,20,,,120
902,Xurkitree,,xurkitree,796,,,,,,4,,83,89,71,173,71,83,15,,1,20,,,120
903,Celesteela,,celesteela,797,,,,,,17,10,97,101,103,107,101,61,15,,1,20,,,120
904,Kartana,,kartana,798,,,,,,5,17,59,181,131,59,31,109,15,,1,20,,,120
905,Guzzlord,,guzzlord,799,,,,,,16,15,223,101,53,97,53,43,15,,1,20,,,120
906,Necrozma,,necrozma,800,,,,,,11,,97,107,101,127,89,79,15,,1,179,,,120
907,Necrozma,Dusk Mane Necrozma,necrozma-dusk-mane,800,,,,,,11,17,97,157,127,113,109,77,15,,1,179,,,120
908,Necrozma,Dawn Wings Necrozma,necrozma-dawn-wings,800,,,,,,11,14,97,113,109,157,127,77,15,,1,179,,,120
909,Necrozma,Ultra Necrozma,necrozma-ultra,800,,,,,,11,15,97,167,97,167,97,129,15,,1,153,,,120
910,Magearna,,magearna,801,,,,,,17,18,80,95,115,130,115,65,15,,1,232,,,120
911,Marshadow,,marshadow,802,,,,,,7,14,90,125,80,90,90,125,15,,1,264,,,120
912,Poipole,,poipole,803,,,,,,8,,67,73,67,73,67,73,15,,1,20,,,120
913,Naganadel,,naganadel,804,,,,,,8,15,73,73,73,127,73,121,15,,1,20,,,120
914,Stakataka,,stakataka,805,,,,,,13,17,61,131,211,53,101,13,15,,1,20,,,120
915,Blacephalon,,blacephalon,806,,,,,,2,14,53,127,53,151,79,107,15,,1,20,,,120
916,Zeraora,,zeraora,807,,,,,,4,,88,112,75,102,80,143,15,,1,287,,,120
917,Meltan,,meltan,808,,,,,,17,,46,65,65,55,35,34,15,,1,135,,,120
918,Melmetal,,melmetal,809,,,,,,17,,135,143,143,80,65,34,15,,1,117,,,120
919,Grookey,,grookey,810,1,,,,,5,,50,65,50,40,40,65,5,7,7,161,,86,20
920,Thwackey,,thwackey,811,2,,,,,5,,70,85,70,55,60,80,5,7,7,161,,86,20
921,Rillaboom,,rillaboom,812,3,,,,,5,,100,125,90,60,70,85,5,7,7,161,,86,20
922,Scorbunny,,scorbunny,813,4,,,,,2,,50,71,40,40,40,69,5,8,7,23,,123,20
923,Raboot,,raboot,814,5,,,,,2,,65,86,60,55,60,94,5,8,7,23,,123,20
924,Cinderace,,cinderace,815,6,,,,,2,,80,116,75,65,75,119,5,8,7,23,,123,20
925,Sobble,,sobble,816,7,,,,,3,,50,40,40,70,40,70,5,2,7,270,,227,20
926,Drizzile,,drizzile,817,8,,,,,3,,65,60,55,95,55,90,5,2,7,270,,227,20
927,Inteleon,,inteleon,818,9,,,,,3,,70,85,65,125,65,120,5,2,7,270,,227,20
928,Skwovet,,skwovet,819,24,9,5,29,72,1,,70,55,55,35,35,25,5,,5,25,,81,20
929,Greedent,,greedent,820,25,10,6,30,73,1,,120,95,95,55,75,20,5,,5,25,,81,20
930,Rookidee,,rookidee,821,21,,163,40,,10,,38,47,35,33,35,57,4,,5,119,282,22,15
931,Corvisquire,,corvisquire,822,22,,164,41,,10,,68,67,55,43,55,77,4,,5,119,282,22,15
932,Corviknight,,corviknight,823,23,,165,42,,10,17,98,87,105,53,85,67,4,,5,177,282,142,15
933,Blipbug,,blipbug,824,10,14,,,,12,,25,20,20,25,45,45,3,,5,255,34,265,15
934,Dottler,,dottler,825,11,15,,,,12,11,50,35,80,50,90,30,3,,5,255,34,265,15
935,Orbeetle,,orbeetle,826,12,16,,,,12,11,60,45,110,80,120,90,3,,5,255,76,265,15
936,Nickit,,nickit,827,29,,,,,16,,40,28,28,47,52,50,5,,5,203,281,235,15
937,Thievul,,thievul,828,30,,,,,16,,70,58,58,87,92,90,5,,5,203,281,235,15
938,Gossifleur,,gossifleur,829,126,,166,,,5,,40,40,60,40,60,10,7,,5,38,197,60,20
939,Eldegoss,,eldegoss,830,127,,167,,,5,,60,50,90,80,120,60,7,,5,38,197,60,20
940,Wooloo,,wooloo,831,34,,3,,,1,,42,40,55,40,45,48,5,,5,72,203,24,15
941,Dubwool,,dubwool,832,35,,4,,,1,,72,80,100,60,90,88,5,,5,72,241,24,15
942,Chewtle,,chewtle,833,42,56,,57,183,3,,50,64,50,38,38,44,1,2,5,248,220,257,20
943,Drednaw,,drednaw,834,43,57,,58,184,3,13,90,115,90,48,68,74,1,2,5,248,220,257,20
944,Yamper,,yamper,835,46,,155,,,4,,59,45,50,40,50,26,5,,5,15,,193,20
945,Boltund,,boltund,836,47,,156,,,4,,69,90,60,90,60,121,5,,5,248,,33,20
946,Rolycoly,,rolycoly,837,161,,176,91,,13,,30,40,50,40,50,30,10,,5,242,94,69,15
947,Carkol,,carkol,838,162,,177,92,,13,2,80,60,90,60,70,50,10,,5,242,67,69,15
948,Coalossal,,coalossal,839,163,,178,93,,13,2,110,80,120,80,90,30,10,,5,242,67,69,15
949,Applin,,applin,840,205,19,,108,33,5,15,40,40,80,40,40,20,14,7,5,198,81,24,20
950,Flapple,,flapple,841,206,20,,109,34,5,15,70,110,80,95,60,70,14,7,5,198,81,100,20
951,Appletun,,appletun,842,207,21,,110,35,5,15,110,85,80,100,80,30,14,7,5,198,81,268,20
952,Silicobra,,silicobra,843,312,174,,270,,9,,52,57,75,35,50,46,14,5,5,206,218,208,20
953,Sandaconda,,sandaconda,844,313,175,,271,,9,,72,107,125,65,70,71,14,5,5,206,218,208,20
954,Cramorant,,cramorant,845,309,93,,,185,10,3,70,85,55,85,95,85,4,2,5,89,,,20
955,Arrokuda,,arrokuda,846,180,96,,136,90,3,,41,63,40,40,30,66,12,,5,257,,180,20
956,Barraskewda,,barraskewda,847,181,97,,137,91,3,,61,123,60,60,50,136,12,,5,257,,180,20
957,Toxel,,toxel,848,310,,,198,,4,8,40,38,35,54,35,40,15,,5,193,240,120,25
958,Toxtricity,Amped Form,toxtricity-amped,849,311,,,199,,4,8,75,98,70,114,70,75,8,,5,184,169,264,25
959,Toxtricity,Low Key Form,toxtricity-low-key,849,311,,,199,,4,8,75,98,70,114,70,75,8,,5,184,141,264,25
960,Sizzlipede,,sizzlipede,850,159,,99,,,2,12,50,65,45,50,50,45,3,,5,69,295,67,20
961,Centiskorch,,centiskorch,851,160,,100,,,2,12,100,115,65,90,90,65,3,,5,69,295,67,20
962,Clobbopus,,clobbopus,852,351,129,,,,7,,50,68,60,50,50,32,8,2,5,126,,264,25
963,Grapploct,,grapploct,853,352,130,,,,7,,80,118,90,70,80,42,8,2,5,126,,264,25
964,Sinistea,,sinistea,854,335,,132,237,,14,,40,45,45,74,54,50,11,10,1,293,,41,20
965,Polteageist,,polteageist,855,336,,133,238,,14,,60,65,65,134,114,70,11,10,1,293,,41,20
966,Hatenna,,hatenna,856,241,,40,282,92,11,,42,30,45,56,53,39,6,,2,93,8,131,20
967,Hattrem,,hattrem,857,242,,41,283,93,11,,57,40,65,86,73,49,6,,2,93,8,131,20
968,Hatterene,,hatterene,858,243,,42,284,94,11,18,57,90,95,136,103,29,6,,2,93,8,131,20
969,Impidimp,,impidimp,859,238,,37,285,190,16,18,45,45,30,55,40,50,6,8,8,176,76,166,20
970,Morgrem,,morgrem,860,239,,38,286,191,16,18,65,60,45,75,55,70,6,8,8,176,76,166,20
971,Grimmsnarl,,grimmsnarl,861,240,,39,287,192,16,18,95,120,65,95,75,60,6,8,8,176,76,166,20
972,Obstagoon,,obstagoon,862,33,,73,,,16,1,93,90,101,60,81,95,5,,5,195,90,49,15
973,Perrserker,,perrserker,863,183,,,,,17,,70,110,100,50,60,50,5,,5,17,271,244,20
974,Cursola,,cursola,864,237,,,,,14,,60,95,50,145,130,30,2,9,4,293,,165,20
975,Sirfetch'd,,sirfetchd,865,219,,,,,7,,62,135,95,68,82,65,5,4,5,241,,211,20
976,Mr. Rime,,mr-rime,866,366,,12,,,6,11,80,85,75,110,100,70,8,,5,262,212,103,25
977,Runerigus,,runerigus,867,328,,,,,9,14,58,95,145,50,105,30,11,10,5,288,,,25
978,Milcery,,milcery,868,185,,,,,18,,45,40,40,50,61,34,11,6,2,256,,11,20
979,Alcremie,,alcremie,869,186,,,,,18,,65,60,75,110,121,64,11,6,2,256,,11,20
980,Falinks,,falinks,870,345,,,300,,7,,65,100,100,70,60,75,6,10,1,17,,49,25
981,Pincurchin,,pincurchin,871,353,126,158,321,,4,,48,101,95,91,85,15,11,2,5,125,,61,20
982,Snom,,snom,872,349,,1,350,,6,12,30,25,35,45,30,20,3,,5,221,,105,20
983,Frosmoth,,frosmoth,873,350,,2,351,,6,12,70,65,60,125,90,65,3,,5,221,,105,20
984,Stonjourner,,stonjourner,874,369,,89,319,,13,,100,125,135,20,20,70,10,,5,174,,,25
985,Eiscue,Ice Face,eiscue-ice,875,370,,90,320,,6,,75,80,110,65,90,50,5,2,5,104,,,25
986,Eiscue,Noice Face,eiscue-noice,875,370,,90,320,,6,,75,80,70,65,50,130,5,2,5,104,,,25
987,Indeedee,Male,indeedee-male,876,337,,171,241,193,11,1,60,65,55,105,95,95,6,,8,112,260,183,40
988,Indeedee,Female,indeedee-female,876,337,,171,241,193,11,1,70,55,65,95,105,85,6,,8,162,260,183,40
989,Morpeko,Full Belly Mode,morpeko-full-belly,877,344,104,157,,95,4,16,58,95,58,70,58,97,6,5,5,99,,,10
990,Morpeko,Hangry Mode,morpeko-hangry,877,344,104,157,,95,4,16,58,95,58,70,58,97,6,5,5,99,,,10
991,Cufant,,cufant,878,302,,108,124,,17,,72,80,49,40,49,40,5,10,5,219,,95,25
992,Copperajah,,copperajah,879,303,,109,125,,17,,122,130,69,80,69,30,5,10,5,219,,95,25
993,Dracozolt,,dracozolt,880,374,,,,,4,15,90,100,90,80,70,75,15,,1,287,100,205,35
994,Arctozolt,,arctozolt,881,375,,,,,4,6,90,100,90,90,80,55,15,,1,287,240,226,35
995,Dracovish,,dracovish,882,376,,,,,3,15,90,90,100,70,80,75,15,,1,289,248,205,35
996,Arctovish,,arctovish,883,377,,,,,3,6,90,90,100,80,90,55,15,,1,289,103,226,35
997,Duraludon,,duraludon,884,371,,,,,17,15,70,95,115,120,50,85,14,10,5,124,95,237,30
998,Dreepy,,dreepy,885,395,,110,305,,15,14,28,60,30,40,30,82,11,14,5,28,110,41,40
999,Drakloak,,drakloak,886,396,,111,306,,15,14,68,80,50,60,50,102,11,14,5,28,110,41,40
1000,Dragapult,,dragapult,887,397,,112,307,,15,14,88,120,75,100,75,142,11,14,5,28,110,41,40
1001,Zacian,Hero of Many Battles,zacian,888,398,,,,,18,,92,120,115,80,115,138,15,,1,115,,,120
1002,Zacian,Crowned Sword,zacian-crowned,888,398,,,,,18,17,92,150,115,80,115,148,15,,1,115,,,120
1003,Zamazenta,Hero of Many Battles,zamazenta,889,399,,,,,7,,92,120,115,80,115,138,15,,1,46,,,120
1004,Zamazenta,Crowned Shield,zamazenta-crowned,889,399,,,,,7,17,92,120,140,80,140,128,15,,1,46,,,120
1005,Eternatus,,eternatus,890,400,,,,,8,15,140,85,95,145,95,130,15,,1,177,,,120
1006,Kubfu,,kubfu,891,,100,,,,7,,60,90,60,53,50,72,15,,7,112,,,120
1007,Urshifu,Single Strike Style,urshifu-single,892,,101,,,,7,16,100,130,100,63,60,97,15,,7,283,,,120
1008,Urshifu,Rapid Strike Style,urshifu-rapid,892,,101,,,,7,3,100,130,100,63,60,97,15,,7,283,,,120
1009,Zarude,,zarude,893,,211,,,,16,5,105,120,105,70,95,105,15,,1,121,,,120
1010,Regieleki,,regieleki,894,,,200,,,4,,80,100,50,100,50,200,15,,1,276,,,120
1011,Regidrago,,regidrago,895,,,201,,,15,,200,100,50,100,50,80,15,,1,54,,,120
1012,Glastrier,,glastrier,896,,,208,,,6,,100,145,130,65,110,30,15,,1,26,,,120
1013,Spectrier,,spectrier,897,,,209,,,14,,100,65,60,145,80,130,15,,1,87,,,120
1014,Calyrex,,calyrex,898,,,210,,,11,5,100,80,80,80,80,80,15,,1,282,,,120
1015,Calyrex,Ice Rider,calyrex-ice,898,,,210,,,11,6,100,165,150,85,130,50,15,,1,12,,,120
1016,Calyrex,Shadow Rider,calyrex-shadow,898,,,210,,,11,14,100,85,80,165,100,150,15,,1,12,,,120
1017,Wyrdeer,,wyrdeer,899,,,,,,1,11,103,105,72,105,75,65,5,,5,114,76,209,20
1018,Kleavor,,kleavor,900,,,,,,12,13,70,135,95,45,70,85,3,,5,255,219,217,20
1019,Ursaluna,,ursaluna,901,,,,,196,9,1,130,140,105,45,80,50,5,,5,90,24,282,20
1020,Ursaluna,Bloodmoon,ursaluna-bloodmoon,901,,,,,196,9,1,113,70,120,135,65,52,5,,5,140,,,20
1021,Basculegion,Male,basculegion-male,902,,,,,195,3,14,120,112,65,80,75,78,12,,8,257,1,144,20
1022,Basculegion,Female,basculegion-female,902,,,,,195,3,14,120,92,65,100,75,78,12,,8,257,1,144,20
1023,Sneasler,,sneasler,903,,,,,,7,8,80,130,60,40,80,120,5,,5,177,281,172,20
1024,Overqwil,,overqwil,904,,,,,,16,8,85,115,95,65,65,85,12,,5,171,257,114,20
1025,Enamorus,Incarnate Forme,enamorus-incarnate,905,,,,,,18,10,74,115,70,135,80,106,15,,2,42,,35,20
1026,Enamorus,Therian Forme,enamorus-therian,905,,,,,,18,10,74,115,110,135,100,46,15,,2,160,,,20
1027,Sprigatito,,sprigatito,906,,,,1,,5,,40,61,54,45,45,65,5,7,7,161,,181,20
1028,Floragato,,floragato,907,,,,2,,5,,61,80,63,60,63,83,5,7,7,161,,181,20
1029,Meowscarada,,meowscarada,908,,,,3,,5,16,76,110,70,81,70,123,5,7,7,161,,181,20
1030,Fuecoco,,fuecoco,909,,,,4,,2,,67,45,59,63,40,36,5,,7,23,,280,20
1031,Crocalor,,crocalor,910,,,,5,,2,,81,55,78,90,58,49,5,,7,23,,280,20
1032,Skeledirge,,skeledirge,911,,,,6,,2,14,104,75,100,110,75,66,5,,7,23,,280,20
1033,Quaxly,,quaxly,912,,,,7,,3,,55,65,45,50,45,50,4,2,7,270,,147,20
1034,Quaxwell,,quaxwell,913,,,,8,,3,,70,85,65,65,60,65,4,2,7,270,,147,20
1035,Quaquaval,,quaquaval,914,,,,9,,3,7,85,120,80,85,75,85,4,2,7,270,,147,20
1036,Lechonk,,lechonk,915,,,,10,,1,,54,45,40,35,45,35,5,,5,11,81,268,15
1037,Oinkologne,Male,oinkologne-male,916,,,,11,,1,,110,100,75,59,80,65,5,,8,127,81,268,15
1038,Oinkologne,Female,oinkologne-female,916,,,,11,,1,,115,90,70,59,90,65,5,,8,11,81,268,15
1039,Tarountula,,tarountula,917,,,,12,,12,,35,41,45,29,40,20,3,,5,113,,235,15
1040,Spidops,,spidops,918,,,,13,,12,,60,79,92,52,86,35,3,,5,113,,235,15
1041,Nymble,,nymble,919,,,,14,,12,,33,46,40,21,25,45,3,,5,255,,269,20
1042,Lokix,,lokix,920,,,,15,,12,16,71,102,78,52,55,92,3,,5,255,,269,20
1043,Pawmi,,pawmi,921,,,,22,,4,,45,50,20,40,25,60,5,,5,240,152,117,15
1044,Pawmo,,pawmo,922,,,,23,,4,7,60,75,40,50,40,85,5,,5,287,152,117,15
1045,Pawmot,,pawmot,923,,,,24,,4,7,70,115,70,70,60,105,5,,5,287,152,117,15
1046,Tandemaus,,tandemaus,924,,,,71,97,1,,50,50,45,40,45,75,6,5,1,203,167,162,10
1047,Maushold,Family of Four,maushold-family-of-four,925,,,,72,98,1,,74,75,70,65,75,111,6,5,1,75,25,264,10
1048,Maushold,Family of Three,maushold-family-of-three,925,,,,72,98,1,,74,75,70,65,75,111,6,5,1,75,25,264,10
1049,Fidough,,fidough,926,,,,76,,18,,37,55,70,30,55,65,5,10,5,162,,120,20
1050,Dachsbun,,dachsbun,927,,,,77,,18,,57,80,115,50,80,95,5,10,5,294,,11,20
1051,Smoliv,,smoliv,928,,,,84,,5,1,41,35,45,58,51,30,7,,5,58,,92,20
1052,Dolliv,,dolliv,929,,,,85,,5,1,52,53,60,78,78,33,7,,5,58,,92,20
1053,Arboliva,,arboliva,930,,,,86,,5,1,78,69,90,125,109,39,7,,5,213,,92,20
1054,Squawkabilly,Green Plumage,squawkabilly-green,931,,,,113,,1,10,82,96,51,45,51,92,4,,5,114,100,90,15
1055,Squawkabilly,Blue Plumage,squawkabilly-blue,931,,,,113,,1,10,82,96,51,45,51,92,4,,5,114,100,90,15
1056,Squawkabilly,Yellow Plumage,squawkabilly-yellow,931,,,,113,,1,10,82,96,51,45,51,92,4,,5,114,100,219,15
1057,Squawkabilly,White Plumage,squawkabilly-white,931,,,,113,,1,10,82,96,51,45,51,92,4,,5,114,100,219,15
1058,Nacli,,nacli,932,,,,129,,13,,55,55,75,35,35,25,10,,5,186,249,28,20
1059,Naclstack,,naclstack,933,,,,130,,13,,60,60,100,35,65,35,10,,5,186,249,28,20
1060,Garganacl,,garganacl,934,,,,131,,13,,100,100,130,45,90,35,10,,5,186,249,28,20
1061,Charcadet,,charcadet,935,,,,165,,2,,40,50,40,50,40,35,8,,5,69,,67,35
1062,Armarouge,,armarouge,936,,,,166,,2,11,85,60,100,125,80,75,8,,5,69,,293,35
1063,Ceruledge,,ceruledge,937,,,,167,,2,14,75,125,80,60,100,85,8,,5,69,,293,35
1064,Tadbulb,,tadbulb,938,,,,170,,4,,61,31,41,59,35,45,2,,5,162,240,43,20
1065,Bellibolt,,bellibolt,939,,,,171,,4,,109,64,91,103,83,45,2,,5,62,240,43,20
1066,Wattrel,,wattrel,940,,,,177,,4,10,40,40,35,55,40,70,4,2,5,297,287,33,20
1067,Kilowattrel,,kilowattrel,941,,,,178,,4,10,70,70,60,105,60,125,4,2,5,297,287,33,20
1068,Maschiff,,maschiff,942,,,,196,,16,,60,78,60,40,51,51,5,,5,114,203,235,20
1069,Mabosstiff,,mabosstiff,943,,,,197,,16,,80,120,90,60,70,85,5,,5,114,88,235,20
1070,Shroodle,,shroodle,944,,,,202,,8,1,40,65,35,40,35,75,5,,5,281,166,176,20
1071,Grafaiai,,grafaiai,945,,,,203,,8,1,63,95,65,80,72,110,5,,5,281,172,176,20
1072,Bramblin,,bramblin,946,,,,242,,5,14,40,65,30,45,35,60,7,,5,298,,110,20
1073,Brambleghast,,brambleghast,947,,,,243,,5,14,55,115,70,80,70,90,7,,5,298,,110,20
1074,Toedscool,,toedscool,948,,,,244,74,9,5,40,40,35,50,100,70,7,,5,151,,,20
1075,Toedscruel,,toedscruel,949,,,,245,75,9,5,80,70,65,80,120,100,7,,5,151,,,20
1076,Klawf,,klawf,950,,,,249,,13,,70,100,115,35,55,75,9,,5,7,220,197,35
1077,Capsakid,,capsakid,951,,,,250,,5,,50,62,40,62,40,50,7,,5,27,113,120,20
1078,Scovillain,,scovillain,952,,,,251,,5,2,65,108,65,108,65,75,7,,5,27,113,145,20
1079,Rellor,,rellor,953,,,,254,,12,,41,50,60,31,58,30,3,,5,34,,218,20
1080,Rabsca,,rabsca,954,,,,255,,12,11,75,50,85,115,100,45,3,,5,260,,265,20
1081,Flittle,,flittle,955,,,,263,,11,,30,35,30,55,30,75,4,,5,8,76,234,20
1082,Espathra,,espathra,956,,,,264,,11,,95,60,60,101,60,105,4,,5,158,76,234,20
1083,Tinkatink,,tinkatink,957,,,,279,,18,17,50,45,45,35,64,58,6,,2,144,162,166,20
1084,Tinkatuff,,tinkatuff,958,,,,280,,18,17,65,55,55,45,82,78,6,,2,144,162,166,20
1085,Tinkaton,,tinkaton,959,,,,281,,18,17,85,75,77,70,105,94,6,,2,144,162,166,20
1086,Wiglett,,wiglett,960,,,,288,,3,,10,55,25,35,25,95,9,,5,83,193,208,20
1087,Wugtrio,,wugtrio,961,,,,289,,3,,35,100,50,50,70,120,9,,5,83,193,208,20
1088,Bombirdier,,bombirdier,962,,,,290,134,10,16,70,103,85,60,85,82,4,,5,22,119,201,35
1089,Finizen,,finizen,963,,,,291,,3,,70,45,40,45,40,75,5,12,5,292,,,40
1090,Palafin,Zero Form,palafin-zero,964,,,,292,,3,,100,70,72,53,62,100,5,12,5,302,,,40
1091,Palafin,Hero Form,palafin-hero,964,,,,292,,3,,100,160,97,106,87,100,5,12,5,302,,,40
1092,Varoom,,varoom,965,,,,293,,17,8,45,70,63,30,45,47,10,,5,160,,225,20
1093,Revavroom,,revavroom,966,,,,294,,17,8,80,119,90,54,67,90,10,,5,160,,66,20
1094,Cyclizar,,cyclizar,967,,,,295,,15,1,70,95,65,85,65,121,5,,5,218,,197,30
1095,Orthworm,,orthworm,968,,,,296,96,17,,70,85,145,60,55,65,5,,5,59,,208,35
1096,Glimmet,,glimmet,969,,,,308,156,13,8,48,35,42,105,60,60,10,,5,274,,36,30
1097,Glimmora,,glimmora,970,,,,309,157,13,8,83,55,90,130,81,86,10,,5,274,,36,30
1098,Greavard,,greavard,971,,,,311,,14,,50,61,60,30,55,34,5,,5,167,,72,20
1099,Houndstone,,houndstone,972,,,,312,,14,,72,101,100,50,97,68,5,,5,205,,72,20
1100,Flamigo,,flamigo,973,,,,346,,10,7,82,115,74,75,64,90,4,,5,211,262,37,20
1101,Cetoddle,,cetoddle,974,,,,361,,6,,108,68,45,30,40,43,5,,5,268,228,219,25
1102,Cetitan,,cetitan,975,,,,362,,6,,170,113,65,45,55,73,5,,5,268,226,219,25
1103,Veluza,,veluza,976,,,,373,,3,11,90,102,73,78,65,70,12,,5,144,,217,20
1104,Dondozo,,dondozo,977,,,,374,,3,,150,100,115,65,65,35,12,,5,280,157,292,40
1105,Tatsugiri,Curly Form,tatsugiri-curly,978,,,,375,,15,3,68,50,60,120,95,82,12,,5,32,,247,35
1106,Tatsugiri,Droopy Form,tatsugiri-droopy,978,,,,375,,15,3,68,50,60,120,95,82,12,,5,32,,247,35
1107,Tatsugiri,Stretchy Form,tatsugiri-stretchy,978,,,,375,,15,3,68,50,60,120,95,82,12,,5,32,,247,35
1108,Annihilape,,annihilape,979,,,,160,101,7,14,110,115,80,50,90,90,5,,5,286,112,49,20
1109,Clodsire,,clodsire,980,,,,54,,8,9,130,75,60,45,100,20,5,2,5,171,289,280,20
1110,Farigiraf,,farigiraf,981,,,,193,,1,11,120,90,70,110,70,60,5,,5,39,10,209,20
1111,Dudunsparce,Two-Segment Form,dudunsparce-two-segment,982,,,,189,161,1,,125,100,80,85,75,55,5,,5,214,203,193,20
1112,Dudunsparce,Three-Segment Form,dudunsparce-three-segment,982,,,,189,161,1,,125,100,80,85,75,55,5,,5,214,203,193,20
1113,Kingambit,,kingambit,983,,,,369,188,16,17,100,135,120,60,85,50,8,,5,49,253,177,20
1114,Great Tusk,,great-tusk,984,,,,376,,9,7,115,131,131,53,53,87,15,,1,182,,,50
1115,Scream Tail,,scream-tail,985,,,,377,,18,11,115,65,99,65,115,111,15,,1,182,,,50
1116,Brute Bonnet,,brute-bonnet,986,,,,378,,5,16,111,127,99,79,99,55,15,,1,182,,,50
1117,Flutter Mane,,flutter-mane,987,,,,379,,14,18,55,55,55,135,135,135,15,,1,182,,,50
1118,Slither Wing,,slither-wing,988,,,,380,,12,7,85,135,79,85,105,81,15,,1,182,,,50
1119,Sandy Shocks,,sandy-shocks,989,,,,381,,4,9,85,81,97,121,85,101,15,,1,182,,,50
1120,Iron Treads,,iron-treads,990,,,,382,,9,17,90,112,120,72,70,106,15,,1,187,,,50
1121,Iron Bundle,,iron-bundle,991,,,,383,,6,3,56,80,114,124,60,136,15,,1,187,,,50
1122,Iron Hands,,iron-hands,992,,,,384,,7,4,154,140,108,50,68,50,15,,1,187,,,50
1123,Iron Jugulis,,iron-jugulis,993,,,,385,,16,10,94,80,86,122,80,108,15,,1,187,,,50
1124,Iron Moth,,iron-moth,994,,,,386,,2,8,80,70,60,140,110,110,15,,1,187,,,50
1125,Iron Thorns,,iron-thorns,995,,,,387,,13,4,100,134,110,70,84,72,15,,1,187,,,50
1126,Frigibax,,frigibax,996,,,,388,,15,6,65,75,45,35,45,55,14,10,5,267,,103,40
1127,Arctibax,,arctibax,997,,,,389,,15,6,90,95,66,45,65,62,14,10,5,267,,103,40
1128,Baxcalibur,,baxcalibur,998,,,,390,,15,6,115,145,92,75,86,87,14,10,5,267,,103,40
1129,Gimmighoul,Chest Form,gimmighoul-chest,999,,,,391,,14,,45,30,70,75,70,10,15,,1,193,,,50
1130,Gimmighoul,Roaming Form,gimmighoul-roaming,999,,,,391,,14,,45,30,25,75,45,80,15,,1,203,,,50
1131,Gholdengo,,gholdengo,1000,,,,392,,17,14,87,60,95,133,91,84,15,,1,82,,,50
1132,Wo-Chien,,wo-chien,1001,,,,393,,16,5,85,85,100,95,135,70,15,,1,261,,,50
1133,Chien-Pao,,chien-pao,1002,,,,394,,16,6,80,120,80,90,65,135,15,,1,258,,,50
1134,Ting-Lu,,ting-lu,1003,,,,395,,16,9,155,110,125,55,80,45,15,,1,284,,,50
1135,Chi-Yu,,chi-yu,1004,,,,396,,16,2,55,80,80,135,120,100,15,,1,19,,,50
1136,Roaring Moon,,roaring-moon,1005,,,,397,,15,16,105,139,71,55,101,119,15,,1,182,,,50
1137,Iron Valiant,,iron-valiant,1006,,,,398,,18,7,74,130,90,120,60,116,15,,1,187,,,50
1138,Koraidon,,koraidon,1007,,,,399,,7,15,100,135,115,85,100,135,15,,1,159,,,50
1139,Miraidon,,miraidon,1008,,,,400,,4,15,100,85,100,135,115,135,15,,1,91,,,50
1140,Walking Wake,,walking-wake,1009,,,,,,3,15,99,83,91,125,83,109,15,,1,182,,,50
1141,Iron Leaves,,iron-leaves,1010,,,,,,5,11,90,130,88,70,108,104,15,,1,187,,,50
1142,Dipplin,,dipplin,1011,,,,,36,5,15,80,80,110,95,80,40,14,7,5,252,81,246,20
1143,Poltchageist,,poltchageist,1012,,,,,76,5,14,40,45,45,74,54,50,11,10,1,97,,94,20
1144,Sinistcha,,sinistcha,1013,,,,,77,5,14,71,60,106,121,80,70,11,10,1,97,,94,20
1145,Okidogi,,okidogi,1014,,,,,197,8,7,88,128,115,58,86,80,15,,8,273,,88,120
1146,Munkidori,,munkidori,1015,,,,,198,8,11,88,75,66,130,90,106,15,,8,273,,76,120
1147,Fezandipiti,,fezandipiti,1016,,,,,199,8,18,88,91,82,70,125,99,15,,8,273,,264,120
1148,Ogerpon,Teal Mask,ogerpon-teal,1017,,,,,200,5,,80,120,84,60,96,110,15,,2,49,,,10
1149,Ogerpon,Wellspring Mask,ogerpon-wellspring,1017,,,,,200,5,3,80,120,84,60,96,110,15,,2,289,,,10
1150,Ogerpon,Hearthflame Mask,ogerpon-hearthflame,1017,,,,,200,5,2,80,120,84,60,96,110,15,,2,144,,,10
1151,Ogerpon,Cornerstone Mask,ogerpon-cornerstone,1017,,,,,200,5,13,80,120,84,60,96,110,15,,2,249,,,10
